id,subject,subject_en,domain,domain_en,name,type,age_range_start,age_range_end,stage,description,evidence,assessment_prompt,cn_standards,source_gap_id,origin
mtc_133,物理,Physics,物质,Matter,熔化与凝固·晶体与非晶体,CONCEPTUAL,12,13,第四学段(7~9年级),理解熔化和凝固是固液之间的物态变化，能从熔化图像区分晶体（有固定熔点）和非晶体（无固定熔点），知道熔化吸热、凝固放热。,能说出熔化和凝固的定义及吸放热情况；能从温度-时间图像区分晶体和非晶体；能说出冰的熔点和水的凝固点,给 {{name}} 一张某物质的熔化图像，请他判断是晶体还是非晶体，说出熔点是多少。,moe-2022-physics:S4.MA.01,G-JH-PHYS-01,cn_only
mtc_134,物理,Physics,物质,Matter,汽化与液化·蒸发与沸腾,CONCEPTUAL,12,13,第四学段(7~9年级),理解汽化（蒸发和沸腾）和液化是液气之间的物态变化，知道蒸发是在任何温度下液体表面发生的缓慢汽化，沸腾是在一定温度下液体内外同时发生的剧烈汽化。,能区分蒸发和沸腾的特点；能说出沸点与气压的关系；能用汽化吸热和液化放热解释现象,让 {{name}} 解释为什么夏天洒水能让地面变凉，再说说蒸发和沸腾有什么不同。,moe-2022-physics:S4.MA.02,G-JH-PHYS-01,cn_only
mtc_135,物理,Physics,物质,Matter,升华与凝华,CONCEPTUAL,12,13,第四学段(7~9年级),理解升华（固→气）和凝华（气→固）是固气之间直接的物态变化，不经过液态，知道升华吸热、凝华放热。,能说出升华和凝华的定义；能举出升华凝华的生活实例（干冰/霜/冰花）；能判断吸放热,让 {{name}} 解释冬天窗户内侧的冰花是怎么形成的，说说是哪种物态变化。,moe-2022-physics:S4.MA.03,G-JH-PHYS-01,cn_only
mtc_136,物理,Physics,物质,Matter,物态变化综合·吸放热判别,META,12,14,第四学段(7~9年级),综合运用六种物态变化的知识，能画出物态变化三角图，判别各种变化过程的吸热或放热，解释自然界和生活中的物态变化现象。,能画出固液气三态物态变化关系图；能正确标注六种变化的吸放热；能综合解释云雨雾露霜的形成,让 {{name}} 解释露水和霜分别在什么条件下形成，各属于哪种物态变化。,moe-2022-physics:S4.MA.04,G-JH-PHYS-01,cn_only
mtc_137,物理,Physics,物质,Matter,质量的概念与天平的使用,PROCEDURAL,12,13,第四学段(7~9年级),理解质量是物体所含物质的多少，是物体的固有属性（与形状状态位置无关），学会用托盘天平测量固体和液体的质量。,能说出质量的单位和估测常见物体的质量；能用天平正确测量固体质量；能用天平测量液体的质量（差量法）,让 {{name}} 用天平测出一杯水的质量，说出操作步骤和注意事项。,moe-2022-physics:S4.MA.05,G-JH-PHYS-01,cn_only
mtc_138,物理,Physics,物质,Matter,体积的测量·量筒的使用,PROCEDURAL,12,13,第四学段(7~9年级),学会用量筒测量液体和不规则固体的体积，掌握读数时的视线要求（与凹液面最低处相平）。,能量筒读数并说明视线要求；能用排水法测量不规则固体的体积；能选择合适量程和分度值的量筒,让 {{name}} 用量筒测一块小石块的体积，说说读数时视线该怎么看。,moe-2022-physics:S4.MA.06,G-JH-PHYS-01,cn_only
mtc_139,物理,Physics,物质,Matter,密度的概念与计算,CONCEPTUAL,12,14,第四学段(7~9年级),理解密度是物质的一种特性（同种物质密度相同，不同物质一般不同），掌握密度公式 ρ=m/V 和单位换算，能用密度知识鉴别物质。,能用密度公式 ρ=m/V 进行计算；能说明密度是物质的特性（与质量体积无关）；能用密度鉴别物质,给 {{name}} 一个金属块的质量和体积，请他算出密度并判断可能是什么金属。,moe-2022-physics:S4.MA.07,G-JH-PHYS-01,cn_only
mtc_140,物理,Physics,物质,Matter,测量固体和液体的密度,PROCEDURAL,12,14,第四学段(7~9年级),能用天平和量筒设计实验，测量不规则固体的密度（排水法测体积）和液体的密度（先测总质量再倒入量筒测体积），分析误差来源。,能设计测量固体密度的实验方案；能设计测量液体密度的实验方案（减小误差的正确顺序）；能分析实验误差来源,让 {{name}} 设计一个测量盐水密度的实验方案，特别说明先测什么后测什么才能减小误差。,moe-2022-physics:S4.MA.08,G-JH-PHYS-01,cn_only
mtc_141,物理,Physics,运动和相互作用,Motion & Interaction,机械运动与参照物,CONCEPTUAL,12,13,第四学段(7~9年级),理解机械运动是物体位置随时间的变化，知道运动和静止是相对的（取决于参照物的选择），能判断物体的运动状态。,能说出机械运动的定义；能选择合适的参照物判断运动与静止；能用相对运动解释生活现象,让 {{name}} 判断坐在行驶列车里的人相对地面和相对列车是运动还是静止的。,moe-2022-physics:S4.MM.01,G-JH-PHYS-02,cn_only
mtc_142,物理,Physics,运动和相互作用,Motion & Interaction,速度的计算与单位换算,PROCEDURAL,12,13,第四学段(7~9年级),理解速度是描述物体运动快慢的物理量，掌握匀速直线运动的速度公式 v=s/t，能进行 m/s 和 km/h 的单位换算。,能用 v=s/t 计算速度路程和时间；能进行 m/s 和 km/h 的换算；能比较不同物体的运动快慢,让 {{name}} 算一算一辆汽车以 72 km/h 的速度行驶 30 分钟走了多远，再换算 72 km/h 等于多少 m/s。,moe-2022-physics:S4.MM.02,G-JH-PHYS-02,cn_only
mtc_143,物理,Physics,运动和相互作用,Motion & Interaction,测量平均速度实验,PROCEDURAL,12,13,第四学段(7~9年级),能设计用刻度尺和秒表测量小车在斜面上运动的平均速度的实验，理解平均速度等于总路程除以总时间（不是速度的平均值）。,能设计测平均速度的实验方案；能正确测量各段路程和时间；能说明为什么平均速度不等于速度的平均值,让 {{name}} 设计一个测量小车从斜面顶端滑到底端平均速度的实验，说出需要测哪些量。,moe-2022-physics:S4.MM.03,G-JH-PHYS-04,upstream_adapt
mtc_144,物理,Physics,运动和相互作用,Motion & Interaction,力的概念与三要素,CONCEPTUAL,12,13,第四学段(7~9年级),理解力是物体对物体的作用（力不能脱离物体存在），知道力的三要素（大小方向作用点）决定力的作用效果。,能说出力的定义和力的作用是相互的；能说出力的三要素；能判断力的作用效果（改变形状或运动状态）,让 {{name}} 说说脚踢球时脚和球之间有没有力的作用，踢球前后球的什么发生了改变。,moe-2022-physics:S4.MM.04,G-JH-PHYS-02,upstream_adapt
mtc_145,物理,Physics,运动和相互作用,Motion & Interaction,力的示意图与测量,REPRESENTATIONAL,12,13,第四学段(7~9年级),会用力的示意图（带箭头的线段）表示力的三要素，学会用弹簧测力计测量力的大小。,能画出简单受力情况的力的示意图；能正确使用弹簧测力计测力；能区分弹簧测力计的量程和分度值,给 {{name}} 一个放在斜面上的物体，请他画出重力和支持力的示意图。,moe-2022-physics:S4.MM.05,G-JH-PHYS-02,upstream_adapt
mtc_146,物理,Physics,运动和相互作用,Motion & Interaction,重力（G=mg）,CONCEPTUAL,12,14,第四学段(7~9年级),理解重力是由于地球吸引而使物体受到的力，知道重力的方向竖直向下，掌握重力与质量的关系 G=mg（g≈10 N/kg）。,能说出重力的产生原因和方向；能用 G=mg 进行计算；能区分质量（kg）和重力（N）,让 {{name}} 算一个质量为 5 kg 的物体受到的重力是多少（g 取 10 N/kg），再说重力的方向。,moe-2022-physics:S4.MM.06,G-JH-PHYS-02,upstream_adapt
mtc_147,物理,Physics,运动和相互作用,Motion & Interaction,弹力与弹簧测力计原理,CONCEPTUAL,12,14,第四学段(7~9年级),理解弹力是物体发生弹性形变时产生的力，了解弹簧测力计的原理（在弹性限度内，弹簧的伸长量与拉力成正比）。,能说出弹力产生的条件；能说明弹簧测力计的工作原理；能识别生活中常见的弹力（支持力/拉力/压力）,让 {{name}} 解释为什么撑竿跳的竿子要弯而不断，说说弹力是怎么产生的。,moe-2022-physics:S4.MM.07,G-JH-PHYS-02,upstream_adapt
mtc_148,物理,Physics,运动和相互作用,Motion & Interaction,摩擦力·种类与影响因素,CONCEPTUAL,12,14,第四学段(7~9年级),理解滑动摩擦力是阻碍相对运动的力，知道影响滑动摩擦力大小的因素（压力大小和接触面粗糙程度），了解静摩擦和滚动摩擦。,能说出影响滑动摩擦力大小的两个因素；能用控制变量法分析摩擦力实验；能区分滑动摩擦和滚动摩擦,让 {{name}} 分析在冰面上走路容易滑倒的原因，说说可以怎么增大摩擦防滑。,moe-2022-physics:S4.MM.08,G-JH-PHYS-02,upstream_adapt
mtc_149,物理,Physics,运动和相互作用,Motion & Interaction,增大和减小摩擦的方法,PROCEDURAL,12,14,第四学段(7~9年级),能分析生活中增大有益摩擦（鞋底花纹/刹车）和减小有害摩擦（润滑油/滚动轴承）的方法。,能举出增大摩擦的实例和方法；能举出减小摩擦的实例和方法；能解释为什么有些地方要加润滑油,让 {{name}} 说说自行车哪些地方需要增大摩擦、哪些地方需要减小摩擦，分别用了什么方法。,moe-2022-physics:S4.MM.09,G-JH-PHYS-02,cn_only
mtc_150,物理,Physics,运动和相互作用,Motion & Interaction,牛顿第一定律与惯性,CONCEPTUAL,13,14,第四学段(7~9年级),理解牛顿第一定律（一切物体在没有受到力的作用时，总保持静止或匀速直线运动状态），理解惯性是物体保持原有运动状态的性质。,能说出牛顿第一定律的内容；能说出惯性是物体的固有属性（与是否受力无关）；能用惯性解释生活现象,让 {{name}} 解释为什么汽车急刹车时人会往前倾倒，说说这跟惯性有什么关系。,moe-2022-physics:S4.MM.10,G-JH-PHYS-02,upstream_adapt
mtc_151,物理,Physics,运动和相互作用,Motion & Interaction,二力平衡的条件,CONCEPTUAL,13,14,第四学段(7~9年级),理解二力平衡的条件（同体等大反向共线），能判断两个力是否平衡，能用二力平衡知识分析物体的受力状态。,能说出二力平衡的四个条件；能判断给定的两个力是否平衡；能用二力平衡求未知力的大小或方向,让 {{name}} 判断一个匀速下降的降落伞受到的重力和阻力是否平衡，说说判断理由。,moe-2022-physics:S4.MM.11,G-JH-PHYS-02,upstream_adapt
mtc_152,物理,Physics,运动和相互作用,Motion & Interaction,压强的概念与固体压强,CONCEPTUAL,13,14,第四学段(7~9年级),理解压强是物体单位面积上受到的压力，掌握压强公式 p=F/S，知道增大和减小压强的方法。,能用 p=F/S 计算压强；能说明压力和压强的区别；能举出增大和减小压强的生活实例,让 {{name}} 解释为什么书包带要做得宽一些，菜刀的刀刃要磨得很薄。,moe-2022-physics:S4.MM.12,G-JH-PHYS-02,cn_only
mtc_153,物理,Physics,运动和相互作用,Motion & Interaction,液体压强的特点,CONCEPTUAL,13,14,第四学段(7~9年级),理解液体内部向各个方向都有压强，知道液体压强随深度增加而增大、与液体密度有关，了解液体压强公式 p=ρgh。,能说出液体压强的特点（向各方向都有、随深度增大）；能用 p=ρgh 进行简单计算；能用 U 形管压强计探究液体压强,让 {{name}} 解释为什么深海潜水需要特制的潜水服，说说液体压强跟什么有关。,moe-2022-physics:S4.MM.13,G-JH-PHYS-02,cn_only
mtc_154,物理,Physics,运动和相互作用,Motion & Interaction,大气压强的存在与测量,CONCEPTUAL,13,14,第四学段(7~9年级),了解大气压强的存在（马德堡半球实验），知道标准大气压的值（约 10⁵ Pa），了解大气压随高度减小。,能用实验证明大气压的存在；能说出标准大气压的值；能解释吸盘/吸管/钢笔吸墨水等大气压现象,让 {{name}} 解释为什么用吸管能把饮料吸上来，如果用针把纸盒上方扎个孔会怎样。,moe-2022-physics:S4.MM.14,G-JH-PHYS-02,cn_only
mtc_155,物理,Physics,运动和相互作用,Motion & Interaction,流体压强与流速的关系,CONCEPTUAL,13,15,第四学段(7~9年级),了解流体（气体和液体）中流速越大的位置压强越小，能用流体压强与流速的关系解释飞机升力、火车站安全线等现象。,能说出流速与压强的关系（流速大压强小）；能解释飞机获得升力的原因；能解释火车站安全线的规定,让 {{name}} 解释为什么火车快速经过时人不能站得太近，用两张纸条做实验说明。,moe-2022-physics:S4.MM.15,G-JH-PHYS-02,cn_only
mtc_156,物理,Physics,运动和相互作用,Motion & Interaction,浮力的概念与产生原因,CONCEPTUAL,13,14,第四学段(7~9年级),理解浮力是液体（或气体）对浸入其中的物体向上托的力，知道浮力产生的原因是液体对物体上下表面的压力差。,能说出浮力的定义和方向（竖直向上）；能用弹簧测力计测浮力（称重法 F浮=G-F'）；能说明浮力产生的原因,让 {{name}} 说说把一个物体浸入水中后弹簧测力计的示数为什么会变小。,moe-2022-physics:S4.MM.16,G-JH-PHYS-02,cn_only
mtc_157,物理,Physics,运动和相互作用,Motion & Interaction,阿基米德原理,CONCEPTUAL,13,14,第四学段(7~9年级),掌握阿基米德原理：浸在液体中的物体受到的浮力大小等于它排开液体所受的重力（F浮=G排=ρ液gV排），能用公式计算浮力。,能用 F浮=ρ液gV排 计算浮力；能区分 V排 和 V物；能说明浮力大小与哪些因素有关（液体密度和排开体积）,让 {{name}} 算一算一个体积为 100 cm³ 的铁块完全浸没在水中受到的浮力是多少。,moe-2022-physics:S4.MM.17,G-JH-PHYS-02,cn_only
mtc_158,物理,Physics,运动和相互作用,Motion & Interaction,物体的浮沉条件,CONCEPTUAL,13,15,第四学段(7~9年级),理解物体的浮沉取决于浮力和重力的大小关系（F浮>G 上浮、F浮=G 漂浮/悬浮、F浮<G 下沉），能用密度比较判断浮沉。,能用浮力和重力的比较判断浮沉；能用物体密度和液体密度的比较判断浮沉；能分析漂浮悬浮下沉的条件,让 {{name}} 判断一个新鲜鸡蛋放入清水中会怎样，加入足量盐搅拌后会怎样，说说原因。,moe-2022-physics:S4.MM.18,G-JH-PHYS-02,cn_only
mtc_159,物理,Physics,运动和相互作用,Motion & Interaction,声音的产生与传播,CONCEPTUAL,12,13,第四学段(7~9年级),理解声音由物体振动产生，声音的传播需要介质（气体液体固体均能传声，真空不能传声），了解声音在不同介质中的传播速度不同。,能说出声音的产生条件（振动）；能说出声音传播需要介质；能说出声音在空气中传播速度约 340 m/s,让 {{name}} 解释为什么宇航员在月球上即使面对面也必须用无线电对话。,moe-2022-physics:S4.MM.19,G-JH-PHYS-02,cn_only
mtc_160,物理,Physics,运动和相互作用,Motion & Interaction,声音的特性·音调响度音色,CONCEPTUAL,12,13,第四学段(7~9年级),理解音调（声音的高低，由频率决定）、响度（声音的大小，由振幅决定）和音色（声音的品质，由发声体本身决定）三个特性。,能区分音调响度和音色；能说明音调与频率的关系；能说明响度与振幅的关系,让 {{name}} 说说女高音的「高」和男低音的「低」指的是什么，大喇叭声音的「大」又指的是什么。,moe-2022-physics:S4.MM.20,G-JH-PHYS-02,cn_only
mtc_161,物理,Physics,运动和相互作用,Motion & Interaction,噪声及其防治,CONCEPTUAL,12,14,第四学段(7~9年级),了解噪声的定义（发声体做无规则振动发出的声音）和等级（分贝），掌握防治噪声的三种途径（在声源处减弱、在传播过程中减弱、在人耳处减弱）。,能说出噪声的危害；能说出防治噪声的三种途径；能举出每种途径的生活实例,让 {{name}} 说说住在马路边怎么减小噪声的影响，分别用到了哪几种方法。,moe-2022-physics:S4.MM.21,G-JH-PHYS-02,cn_only
mtc_162,物理,Physics,运动和相互作用,Motion & Interaction,光的直线传播,CONCEPTUAL,12,13,第四学段(7~9年级),理解光在同种均匀介质中沿直线传播，能用光的直线传播解释小孔成像、日食月食、影子的形成等现象。,能说出光沿直线传播的条件；能解释小孔成像的特点（倒立实像）；能解释日食月食和影子的形成,让 {{name}} 说说为什么影子的形成和日食都能用光的直线传播来解释。,moe-2022-physics:S4.MM.22,G-JH-PHYS-02,cn_only
mtc_163,物理,Physics,运动和相互作用,Motion & Interaction,光的反射定律与平面镜成像,CONCEPTUAL,12,13,第四学段(7~9年级),掌握光的反射定律（三线共面、两线分居、两角相等），理解平面镜成像的特点（等大正立虚像、像物关于镜面对称）。,能用反射定律作光路图；能说出平面镜成像的五个特点；能根据成像特点画出物体的像,让 {{name}} 站在镜子前 1 米处，说说他的像离镜面多远、像的大小跟本人比怎样。,moe-2022-physics:S4.MM.23,G-JH-PHYS-02,cn_only
mtc_164,物理,Physics,运动和相互作用,Motion & Interaction,光的折射规律,CONCEPTUAL,12,14,第四学段(7~9年级),理解光从一种介质斜射入另一种介质时传播方向会改变（折射），掌握折射规律（空气中角大），能用折射解释水中筷子弯折、池水变浅等现象。,能说出光折射的基本规律；能用折射解释水中物体看上去变浅的原因；能画出光从空气进入水中的折射光路图,让 {{name}} 解释为什么池水看起来比实际浅，在岸上看水里的鱼比实际位置偏高还是偏低。,moe-2022-physics:S4.MM.24,G-JH-PHYS-02,cn_only
mtc_165,物理,Physics,运动和相互作用,Motion & Interaction,凸透镜成像规律,CONCEPTUAL,13,15,第四学段(7~9年级),掌握凸透镜成像规律（u>2f 倒立缩小实像/照相机，f<u<2f 倒立放大实像/投影仪，u<f 正立放大虚像/放大镜），了解凸透镜对光有会聚作用。,能说出凸透镜成像的三种情况；能判断物距变化时像的变化；能将成像规律与照相机投影仪放大镜对应,让 {{name}} 说说照相机、投影仪和放大镜分别利用了凸透镜的哪种成像情况。,moe-2022-physics:S4.MM.25,G-JH-PHYS-02,cn_only
mtc_166,物理,Physics,运动和相互作用,Motion & Interaction,电流与电路的组成,CONCEPTUAL,13,14,第四学段(7~9年级),理解电流的形成（电荷的定向移动）和方向规定（正电荷移动方向），掌握电路的基本组成（电源导线开关用电器），能画简单电路图。,能说出电流的形成和方向规定；能画出简单电路图；能判断电路的三种状态（通路断路短路）,让 {{name}} 画一个含电池、开关和灯泡的简单电路图，说说闭合和断开开关时是什么状态。,moe-2022-physics:S4.MM.26,G-JH-PHYS-02,upstream_adapt
mtc_167,物理,Physics,运动和相互作用,Motion & Interaction,串联与并联电路,CONCEPTUAL,13,14,第四学段(7~9年级),理解串联电路（各元件逐个顺次连接，电流只有一条路径）和并联电路（各元件并列连接，电流有多条路径）的特点，能识别和分析串并联电路。,能区分串联和并联电路；能画串并联电路图；能说出串联和并联电路的电流和电压规律,给 {{name}} 一个含两个灯泡的电路，请他判断是串联还是并联，说说取下一个灯泡另一个会怎样。,moe-2022-physics:S4.MM.27,G-JH-PHYS-02,upstream_adapt
mtc_168,物理,Physics,运动和相互作用,Motion & Interaction,电压与电压表的使用,PROCEDURAL,13,14,第四学段(7~9年级),理解电压是使电路中形成电流的原因，掌握电压表的使用方法（并联在被测电路两端、电流从正接线柱流入），了解常见电压值。,能说出电压的作用和单位；能正确连接电压表测量电压；能说出一节干电池和家庭电路的电压值,让 {{name}} 说说电压表应该怎么接到电路里（串联还是并联），一节干电池的电压是多少。,moe-2022-physics:S4.MM.28,G-JH-PHYS-02,upstream_adapt
mtc_169,物理,Physics,运动和相互作用,Motion & Interaction,电阻与滑动变阻器,CONCEPTUAL,13,14,第四学段(7~9年级),理解电阻是导体对电流的阻碍作用，知道影响电阻大小的因素（材料长度横截面积温度），了解滑动变阻器的原理和使用方法。,能说出电阻的定义和单位；能分析影响电阻大小的因素；能正确使用滑动变阻器改变电路中的电流,让 {{name}} 说说一根铜线和一根铁线（同粗同长）哪个电阻大，滑动变阻器是怎么改变电阻的。,moe-2022-physics:S4.MM.29,G-JH-PHYS-02,upstream_adapt
mtc_170,物理,Physics,运动和相互作用,Motion & Interaction,欧姆定律,CONCEPTUAL,13,15,第四学段(7~9年级),掌握欧姆定律：导体中的电流与导体两端电压成正比、与导体的电阻成反比（I=U/R），能运用欧姆定律分析和计算电路问题。,能用 I=U/R 计算电流电压和电阻；能用欧姆定律分析串并联电路；能进行伏安法测电阻的实验,让 {{name}} 算一段电阻为 10 Ω 的导体两端加 6 V 电压时通过的电流是多少。,moe-2022-physics:S4.MM.30,G-JH-PHYS-02,upstream_adapt
mtc_171,物理,Physics,运动和相互作用,Motion & Interaction,简单磁现象与磁场,CONCEPTUAL,13,14,第四学段(7~9年级),了解磁体的性质（吸铁性指向性磁极间的相互作用），理解磁极间的相互作用规律（同名磁极相斥、异名磁极相吸），理解磁体周围存在磁场。,能说出磁体的基本性质和磁极间的相互作用规律；能用磁感线描述磁场分布；能判断条形磁铁和 U 形磁铁的磁感线,让 {{name}} 解释指南针为什么总能指南北方向，说说磁极间的相互作用规律。,moe-2022-physics:S4.MM.31,G-JH-PHYS-02,upstream_adapt
mtc_172,物理,Physics,运动和相互作用,Motion & Interaction,电流的磁效应·奥斯特实验,CONCEPTUAL,13,15,第四学段(7~9年级),理解奥斯特实验揭示了通电导线周围存在磁场（电流的磁效应），能用安培定则判断通电螺线管的磁极。,能描述奥斯特实验及其意义；能用安培定则（右手螺旋定则）判断通电螺线管的磁极；能说明电磁铁磁性强弱与什么有关,让 {{name}} 用安培定则判断一个给定绕线方向的通电螺线管的 N 极在哪边。,moe-2022-physics:S4.MM.32,G-JH-PHYS-02,upstream_adapt
mtc_173,物理,Physics,运动和相互作用,Motion & Interaction,电磁铁及其应用,PROCEDURAL,13,15,第四学段(7~9年级),了解电磁铁的原理（通电螺线管加铁芯增强磁性）和优点（磁性的有无强弱方向可控制），了解电磁继电器的原理和应用。,能说出影响电磁铁磁性强弱的因素；能说明电磁铁的优点；能解释电磁继电器的工作原理,让 {{name}} 说说电磁铁的磁性强弱可以怎么改变，电磁继电器在电路里起什么作用。,moe-2022-physics:S4.MM.33,G-JH-PHYS-02,cn_only
mtc_174,物理,Physics,运动和相互作用,Motion & Interaction,电磁感应与发电机,CONCEPTUAL,13,15,第四学段(7~9年级),理解法拉第发现的电磁感应现象（闭合电路的一部分导体在磁场中做切割磁感线运动时产生感应电流），了解发电机的工作原理。,能说出产生感应电流的条件；能解释发电机的工作原理（电磁感应）；能区分发电机和电动机的原理,让 {{name}} 说说发电机是根据什么原理制成的，它把什么能转化成什么能。,moe-2022-physics:S4.MM.34,G-JH-PHYS-02,upstream_adapt
mtc_175,物理,Physics,运动和相互作用,Motion & Interaction,磁场对电流的作用与电动机,CONCEPTUAL,13,15,第四学段(7~9年级),理解通电导体在磁场中受到力的作用（磁场对电流的作用），了解电动机的工作原理（通电线圈在磁场中受力转动）。,能说明通电导体在磁场中受力的方向与什么有关；能解释电动机的工作原理；能区分电动机和发电机的能量转化,让 {{name}} 说说电动机是根据什么原理制成的，它和发电机在原理上有什么不同。,moe-2022-physics:S4.MM.35,G-JH-PHYS-02,upstream_adapt
mtc_176,物理,Physics,能量,Energy,动能及其影响因素,CONCEPTUAL,13,14,第四学段(7~9年级),理解动能是物体由于运动而具有的能，知道动能的大小与物体的质量和速度有关（质量越大速度越大动能越大）。,能说出动能的定义；能分析影响动能大小的因素；能判断不同物体的动能大小关系,让 {{name}} 比较一辆满载的卡车和一辆空车以同样速度行驶哪个动能更大，说说原因。,moe-2022-physics:S4.EN.01,G-JH-PHYS-03,upstream_adapt
mtc_177,物理,Physics,能量,Energy,势能·重力势能与弹性势能,CONCEPTUAL,13,14,第四学段(7~9年级),理解重力势能是物体由于被举高而具有的能（与质量和高度有关），弹性势能是物体由于发生弹性形变而具有的能（与形变程度有关）。,能区分重力势能和弹性势能；能分析影响势能大小的因素；能举出具有势能的实例,让 {{name}} 说说拉长的弹簧和放在高处的重物分别具有什么形式的势能。,moe-2022-physics:S4.EN.02,G-JH-PHYS-03,upstream_adapt
mtc_178,物理,Physics,能量,Energy,机械能的转化与守恒,META,13,15,第四学段(7~9年级),理解动能和势能可以相互转化（如滚摆、过山车、抛体运动），在没有摩擦等阻力的情况下机械能守恒。,能分析动能和势能的相互转化过程；能解释过山车/滚摆/皮球落地反弹的能量转化；能判断机械能是否守恒,让 {{name}} 分析过山车从最高点冲下来的过程中动能和势能是怎么转化的。,moe-2022-physics:S4.EN.03,G-JH-PHYS-03,upstream_adapt
mtc_179,物理,Physics,能量,Energy,内能的概念与改变方式,CONCEPTUAL,13,14,第四学段(7~9年级),理解内能是物体内所有分子热运动的动能和分子势能的总和，知道改变内能的两种方式（做功和热传递），这两种方式对改变内能是等效的。,能说出内能的定义和影响内能的因素（温度）；能区分做功和热传递两种改变内能的方式；能判断某过程是用什么方式改变内能的,让 {{name}} 说说冬天搓手让手变暖和跟把手放在热水里变暖，分别是什么方式改变内能。,moe-2022-physics:S4.EN.04,G-JH-PHYS-03,cn_only
mtc_180,物理,Physics,能量,Energy,比热容的概念与意义,CONCEPTUAL,13,15,第四学段(7~9年级),理解比热容是物质的特性（反映物质吸热或放热的能力），知道水的比热容最大，能用比热容解释生活中的现象。,能说出比热容的物理意义；能说明水的比热容大的实际意义；能解释沿海地区昼夜温差小的原因,让 {{name}} 解释为什么沿海地区昼夜温差比内陆地区小，用水浴法加热有什么好处。,moe-2022-physics:S4.EN.05,G-JH-PHYS-03,cn_only
mtc_181,物理,Physics,能量,Energy,热量的计算（Q=cmΔt）,PROCEDURAL,13,15,第四学段(7~9年级),掌握热量计算公式 Q=cmΔt（吸收或放出的热量=比热容×质量×温度变化），能运用公式进行计算。,能用 Q=cmΔt 计算物体吸收或放出的热量；能根据公式分析影响热量的因素；能进行简单的热平衡计算,让 {{name}} 算一算把 2 kg 水从 20°C 加热到 80°C 需要吸收多少热量（c水=4.2×10³ J/(kg·°C)）。,moe-2022-physics:S4.EN.06,G-JH-PHYS-03,cn_only
mtc_182,物理,Physics,能量,Energy,温度内能与热量的辨析,META,13,15,第四学段(7~9年级),能正确区分温度（分子热运动的剧烈程度）、内能（所有分子的动能和势能之和）和热量（热传递过程中内能的改变量）三个概念。,能区分温度内能和热量的含义；能判断「温度越高热量越多」是否正确；能分析物体吸热温度是否一定升高,考考 {{name}}：说一个物体含有多少热量对不对？晶体熔化时吸热但温度不变，内能变了吗？,moe-2022-physics:S4.EN.07,G-JH-PHYS-03,cn_only
mtc_183,物理,Physics,能量,Energy,家庭电路与安全用电,CONCEPTUAL,13,15,第四学段(7~9年级),了解家庭电路的组成（进户线电能表总开关保险丝插座用电器），知道火线和零线的区别，了解安全电压和安全用电常识。,能画出家庭电路的组成框图；能说出保险丝和空气开关的作用；能说出安全用电的基本常识,让 {{name}} 说说家庭电路由哪几部分组成，如果家里电路跳闸了可能是什么原因。,moe-2022-physics:S4.EN.08,G-JH-PHYS-03,cn_only
mtc_184,物理,Physics,能量,Energy,电功与电功率,PROCEDURAL,13,15,第四学段(7~9年级),理解电功（电流做的功 W=UIt）和电功率（电流做功快慢 P=UI），掌握额定功率和实际功率的区别，能进行简单计算。,能用 W=UIt 计算电功；能用 P=UI 计算电功率；能区分额定功率和实际功率,让 {{name}} 算一算一个标有「220V 100W」的灯泡正常工作 10 小时消耗多少电能。,moe-2022-physics:S4.EN.09,G-JH-PHYS-03,cn_only
mtc_185,物理,Physics,能量,Energy,焦耳定律与电热,CONCEPTUAL,13,15,第四学段(7~9年级),理解电流的热效应（电流通过导体时发热），了解焦耳定律（Q=I²Rt），能解释电热器的原理和防止电热危害的方法。,能说出焦耳定律的内容和公式；能用焦耳定律解释电热器的工作原理；能提出防止电热危害的方法,让 {{name}} 说说电热水壶和电饭锅利用了什么原理，为什么电视机背后要有散热孔。,moe-2022-physics:S4.EN.10,G-JH-PHYS-03,cn_only
mtc_186,物理,Physics,实验探究,Scientific Inquiry,长度的测量与误差,PROCEDURAL,12,13,第四学段(7~9年级),学会使用刻度尺测量长度，掌握正确读数方法（视线与尺面垂直、估读到分度值下一位），理解误差与错误的区别。,能正确使用刻度尺读数（含估读）；能区分误差和错误；能说出减小误差的方法（多次测量取平均值）,让 {{name}} 用刻度尺测出课桌的长度，读出测量结果并说出他是怎么估读的。,moe-2022-physics:S4.IN.01,G-JH-PHYS-04,upstream_adapt
mtc_187,物理,Physics,实验探究,Scientific Inquiry,探究光的反射与平面镜成像,PROCEDURAL,12,13,第四学段(7~9年级),能设计并完成探究光的反射规律的实验和探究平面镜成像特点的实验（用玻璃板代替平面镜、用等大的物体比较像的大小）。,能设计探究反射规律的实验方案；能设计探究平面镜成像特点的实验；能如实记录实验数据并得出结论,让 {{name}} 设计一个验证平面镜成像时像与物等大的实验，说说为什么用玻璃板不用平面镜。,moe-2022-physics:S4.IN.02,G-JH-PHYS-04,cn_only
mtc_188,物理,Physics,实验探究,Scientific Inquiry,探究凸透镜成像规律,PROCEDURAL,13,15,第四学段(7~9年级),能在光具座上完成探究凸透镜成像规律的实验，通过改变物距观察成像情况，记录数据并总结成像规律。,能在光具座上正确放置蜡烛凸透镜光屏；能找到成清晰像的位置并记录物距像距；能总结出三种成像情况,让 {{name}} 说说在光具座上怎么找到凸透镜成倒立放大实像的位置，物距应该在什么范围。,moe-2022-physics:S4.IN.03,G-JH-PHYS-04,cn_only
mtc_189,物理,Physics,实验探究,Scientific Inquiry,探究二力平衡的条件,PROCEDURAL,13,14,第四学段(7~9年级),能设计并完成探究二力平衡条件的实验（在硬纸片两端挂细线和钩码，改变力的大小方向是否共线是否同体）。,能设计二力平衡实验方案；能通过改变实验条件验证四个条件；能分析为什么实验中要用硬纸片（减小摩擦影响）,让 {{name}} 设计一个验证二力平衡条件的实验，说说怎么验证两个力必须在同一直线上。,moe-2022-physics:S4.IN.04,G-JH-PHYS-04,upstream_adapt
mtc_190,物理,Physics,实验探究,Scientific Inquiry,探究滑动摩擦力的影响因素,PROCEDURAL,12,14,第四学段(7~9年级),能用弹簧测力计拉着木块在水平面上做匀速直线运动（二力平衡条件下测力计示数等于摩擦力），探究压力和接触面粗糙程度对摩擦力的影响。,能说明实验中为什么要匀速拉动木块；能用控制变量法设计实验步骤；能分析压力和接触面粗糙程度对摩擦力的影响,让 {{name}} 设计一个探究接触面粗糙程度对滑动摩擦力影响的实验，说说怎么控制变量。,moe-2022-physics:S4.IN.05,G-JH-PHYS-04,upstream_adapt
mtc_191,物理,Physics,实验探究,Scientific Inquiry,探究液体压强的特点,PROCEDURAL,13,14,第四学段(7~9年级),能用 U 形管压强计探究液体内部压强的特点（同一深度各方向压强相等、深度越深压强越大、密度越大压强越大）。,能正确使用 U 形管压强计；能通过实验探究深度和密度对液体压强的影响；能记录数据并得出结论,让 {{name}} 设计实验探究液体压强与深度的关系，说说用什么器材、怎么操作。,moe-2022-physics:S4.IN.06,G-JH-PHYS-04,cn_only
mtc_192,物理,Physics,实验探究,Scientific Inquiry,探究浮力的大小（阿基米德原理实验）,PROCEDURAL,13,14,第四学段(7~9年级),能设计实验验证阿基米德原理（用弹簧测力计测物体在空气中的重力和浸入水中后的拉力，用量筒测排开水的体积，比较浮力和排开水的重力）。,能设计验证阿基米德原理的实验方案；能正确测量浮力和排开液体的重力；能比较实验数据验证 F浮=G排,让 {{name}} 设计一个验证阿基米德原理的实验，说说需要测哪些物理量。,moe-2022-physics:S4.IN.07,G-JH-PHYS-04,cn_only
mtc_193,物理,Physics,实验探究,Scientific Inquiry,探究串并联电路的电流电压规律,PROCEDURAL,13,14,第四学段(7~9年级),能用电流表和电压表探究串联电路（电流处处相等、电压之和等于总电压）和并联电路（电压相等、电流之和等于总电流）的规律。,能正确连接电流表和电压表测串并联电路；能记录数据总结串联和并联的电流电压规律；能分析实验误差,让 {{name}} 用电流表分别测串联电路中不同位置的电流，比较它们的大小关系。,moe-2022-physics:S4.IN.08,G-JH-PHYS-04,upstream_adapt
mtc_194,物理,Physics,实验探究,Scientific Inquiry,伏安法测电阻,PROCEDURAL,13,15,第四学段(7~9年级),能用电压表和电流表（伏安法）测量定值电阻的阻值（R=U/I），设计电路并多次测量取平均值减小误差，了解测小灯泡电阻的方法。,能设计伏安法测电阻的电路图；能正确连接电路并测量多组电压电流数据；能用 R=U/I 计算电阻并取平均值,让 {{name}} 设计一个用伏安法测未知电阻的电路，说说为什么要多次测量取平均值。,moe-2022-physics:S4.IN.09,G-JH-PHYS-04,upstream_adapt
mtc_195,数学,Mathematics,数与代数,Number & Algebra,有理数的意义与数轴表示,CONCEPTUAL,12,13,第四学段(7~9年级),理解有理数的意义，能用数轴上的点表示有理数，掌握相反数的概念。,能在数轴上表示任意有理数；能求一个数的相反数；能借助数轴比较两个有理数的大小,给 {{name}} 几个正负数，请他在数轴上标出来并比较大小、说出相反数。,moe-2022-math:S4.NA.01,G-JH-MATH-01,cn_only
mtc_196,数学,Mathematics,数与代数,Number & Algebra,绝对值的概念与化简,CONCEPTUAL,12,13,第四学段(7~9年级),理解绝对值的几何意义和代数定义，能求任意有理数的绝对值，会化简含绝对值的式子。,能说出绝对值的定义和几何意义；能正确求一个数的绝对值；能比较两个负数的大小,让 {{name}} 求 -5 和 3 的绝对值，并比较 -5 和 -3 的大小。,moe-2022-math:S4.NA.01,G-JH-MATH-01,cn_only
mtc_197,数学,Mathematics,数与代数,Number & Algebra,有理数的加减运算,PROCEDURAL,12,13,第四学段(7~9年级),掌握有理数加法和减法的运算法则，能进行有理数的加减混合运算并化为加法连加。,能正确进行有理数加法运算；能把减法转化为加法进行运算；能进行加减混合运算,给 {{name}} 几道有理数加减混合运算题，检查他能否正确计算。,moe-2022-math:S4.NA.01,G-JH-MATH-01,upstream_adapt
mtc_198,数学,Mathematics,数与代数,Number & Algebra,有理数的乘除与乘方运算,PROCEDURAL,12,13,第四学段(7~9年级),掌握有理数乘除运算法则和乘方的意义，能用科学记数法表示大数，进行有理数混合运算。,能正确进行有理数乘除运算；能进行乘方运算并用科学记数法表示数；能按运算顺序完成混合运算,让 {{name}} 计算 -2 的三次方并把 3500000 用科学记数法表示出来。,moe-2022-math:S4.NA.01,G-JH-MATH-01,cn_only
mtc_199,数学,Mathematics,数与代数,Number & Algebra,平方根与立方根,CONCEPTUAL,12,14,第四学段(7~9年级),理解平方根、算术平方根和立方根的概念，能求非负数的平方根和任意数的立方根。,能区分平方根和算术平方根；能正确求一个数的平方根和立方根；能说明开平方与平方的互逆关系,让 {{name}} 求 16 的平方根、9 的算术平方根和 27 的立方根。,moe-2022-math:S4.NA.02,G-JH-MATH-01,upstream_adapt
mtc_200,数学,Mathematics,数与代数,Number & Algebra,实数与无理数,CONCEPTUAL,12,14,第四学段(7~9年级),认识无理数是无限不循环小数，理解实数的分类，能在数轴上表示某些无理数。,能区分有理数和无理数；能对实数进行分类；能在数轴上画出根号2的大致位置,让 {{name}} 说说无理数是什么，并判断根号2、3.14、三分之一分别是什么数。,moe-2022-math:S4.NA.02,G-JH-MATH-01,cn_only
mtc_201,数学,Mathematics,数与代数,Number & Algebra,整式的概念与加减,PROCEDURAL,12,13,第四学段(7~9年级),理解单项式、多项式、整式的概念，能识别整式的项和系数，会进行整式的加减运算（去括号合并同类项）。,能识别单项式多项式及其系数和次数；能正确合并同类项；能进行整式的加减运算,给 {{name}} 一个多项式，请他合并同类项并化简。,moe-2022-math:S4.NA.03,G-JH-MATH-01,upstream_adapt
mtc_202,数学,Mathematics,数与代数,Number & Algebra,幂的运算性质,PROCEDURAL,12,14,第四学段(7~9年级),掌握同底数幂乘法、幂的乘方、积的乘方和同底数幂除法的运算性质并能运用。,能运用同底数幂乘除法则进行计算；能运用幂的乘方和积的乘方法则；能综合运用幂的运算性质,让 {{name}} 计算 a 的平方乘 a 的三次方以及 (a平方) 的三次方。,moe-2022-math:S4.NA.03,G-JH-MATH-01,cn_only
mtc_203,数学,Mathematics,数与代数,Number & Algebra,整式的乘法与乘法公式,PROCEDURAL,12,14,第四学段(7~9年级),掌握单项式与多项式、多项式与多项式相乘的法则，熟练运用平方差公式和完全平方公式。,能进行多项式的乘法运算；能运用平方差公式计算；能运用完全平方公式计算,给 {{name}} 一道含乘法公式的整式乘法题，检查他能否正确运用公式。,moe-2022-math:S4.NA.03,G-JH-MATH-01,upstream_adapt
mtc_204,数学,Mathematics,数与代数,Number & Algebra,因式分解·提公因式法与公式法,PROCEDURAL,12,14,第四学段(7~9年级),理解因式分解与整式乘法的关系，掌握提公因式法和公式法（平方差、完全平方）分解因式。,能识别因式分解与整式乘法的关系；能提取公因式进行分解；能用公式法分解因式,让 {{name}} 把 x的平方减4 和 x的平方加6x加9 分解因式。,moe-2022-math:S4.NA.04,G-JH-MATH-01,upstream_adapt
mtc_205,数学,Mathematics,数与代数,Number & Algebra,分式的概念与基本性质,CONCEPTUAL,13,15,第四学段(7~9年级),理解分式的概念，掌握分式有意义、无意义和值为零的条件，能运用分式的基本性质进行约分和通分。,能判断分式有意义的条件；能求分式值为零的条件；能对分式进行约分和通分,给 {{name}} 一个分式，请他说出 x 取什么值时分式有意义、等于零。,moe-2022-math:S4.NA.05,G-JH-MATH-01,cn_only
mtc_206,数学,Mathematics,数与代数,Number & Algebra,分式的运算,PROCEDURAL,13,15,第四学段(7~9年级),掌握分式的加减乘除和乘方运算，能进行分式的混合运算。,能进行分式的加减运算；能进行分式的乘除运算；能完成分式的混合运算,给 {{name}} 一道分式加减和一道分式乘除的题，检查他能否正确计算。,moe-2022-math:S4.NA.05,G-JH-MATH-01,cn_only
mtc_207,数学,Mathematics,数与代数,Number & Algebra,分式方程及其应用,PROCEDURAL,13,15,第四学段(7~9年级),会解可化为一元一次方程的分式方程，理解验根的必要性，能列分式方程解简单的实际问题。,能解可化为一元一次方程的分式方程；能说明为什么必须验根并正确验根；能列分式方程解应用题,让 {{name}} 解一道分式方程，并说明为什么要检验增根。,moe-2022-math:S4.NA.05,G-JH-MATH-01,cn_only
mtc_208,数学,Mathematics,方程与不等式,Equations & Inequalities,一元一次方程的解法,PROCEDURAL,12,13,第四学段(7~9年级),掌握一元一次方程的标准步骤（去分母去括号移项合并同类项系数化为1），能正确求解。,能说出解一元一次方程的一般步骤；能正确解含分母括号的一元一次方程；能检验解的正确性,让 {{name}} 解方程 3(x-2)=2x+1 并检验结果。,moe-2022-math:S4.EQ.01,G-JH-MATH-02,upstream_adapt
mtc_209,数学,Mathematics,方程与不等式,Equations & Inequalities,一元一次方程的实际应用,PROCEDURAL,12,14,第四学段(7~9年级),能根据实际问题（行程工程利润等）分析等量关系，列一元一次方程求解并检验合理性。,能从实际问题中找出等量关系；能正确列出一元一次方程；能检验解的合理性并作答,给 {{name}} 一道行程问题，请他列方程求解并检验答案是否合理。,moe-2022-math:S4.EQ.01,G-JH-MATH-02,upstream_adapt
mtc_210,数学,Mathematics,方程与不等式,Equations & Inequalities,二元一次方程组的解法,PROCEDURAL,12,14,第四学段(7~9年级),掌握代入消元法和加减消元法解二元一次方程组，体会消元思想。,能用代入消元法解方程组；能用加减消元法解方程组；能根据方程特点选择合适的方法,让 {{name}} 用代入法和加减法分别解一个二元一次方程组。,moe-2022-math:S4.EQ.02,G-JH-MATH-02,upstream_adapt
mtc_211,数学,Mathematics,方程与不等式,Equations & Inequalities,二元一次方程组的应用,PROCEDURAL,12,14,第四学段(7~9年级),能根据实际问题列出二元一次方程组求解，体会方程组是解决多个未知量问题的有效模型。,能从实际问题中找出两个等量关系；能列出二元一次方程组；能求解并检验合理性,给 {{name}} 一道鸡兔同笼类问题，请他用方程组求解。,moe-2022-math:S4.EQ.02,G-JH-MATH-02,upstream_adapt
mtc_212,数学,Mathematics,方程与不等式,Equations & Inequalities,一元二次方程的解法,PROCEDURAL,13,15,第四学段(7~9年级),掌握配方法、公式法和因式分解法（含直接开平方法）解一元二次方程，能根据方程特点选择合适方法。,能用配方法解一元二次方程；能用公式法求解；能用因式分解法求解,让 {{name}} 用两种方法解 x的平方减5x加6等于0。,moe-2022-math:S4.EQ.03,G-JH-MATH-02,cn_only
mtc_213,数学,Mathematics,方程与不等式,Equations & Inequalities,一元二次方程根的判别式,CONCEPTUAL,13,15,第四学段(7~9年级),理解根的判别式 Δ=b²-4ac 的意义，能用它判断一元二次方程根的情况（两个不相等实根、两个相等实根、无实根）。,能计算判别式的值；能用判别式判断根的情况；能根据根的情况确定字母系数的取值范围,让 {{name}} 用判别式说明 x的平方加x加1等于0 有没有实数根。,moe-2022-math:S4.EQ.03,G-JH-MATH-02,cn_only
mtc_214,数学,Mathematics,方程与不等式,Equations & Inequalities,一元二次方程的应用,PROCEDURAL,13,15,第四学段(7~9年级),能列一元二次方程解决面积问题、增长率问题和利润问题等实际应用。,能根据实际问题列出一元二次方程；能正确求解；能根据实际意义舍去不合题意的根,让 {{name}} 用一元二次方程解一道关于矩形面积的应用题。,moe-2022-math:S4.EQ.03,G-JH-MATH-02,cn_only
mtc_215,数学,Mathematics,方程与不等式,Equations & Inequalities,不等式的性质,CONCEPTUAL,13,15,第四学段(7~9年级),掌握不等式的三条基本性质，特别是不等式两边同乘（除以）负数时不等号方向改变。,能说出不等式的三条基本性质；能说明不等号何时改变方向；能运用性质对不等式变形,让 {{name}} 说说不等式两边同乘一个负数时不等号会怎样，并举例说明。,moe-2022-math:S4.EQ.04,G-JH-MATH-02,cn_only
mtc_216,数学,Mathematics,方程与不等式,Equations & Inequalities,一元一次不等式与不等式组的解法,PROCEDURAL,13,15,第四学段(7~9年级),掌握一元一次不等式和不等式组的解法，能在数轴上表示解集，会求不等式组的公共解。,能正确解一元一次不等式；能求不等式组的解集并在数轴上表示；能正确取各不等式解集的公共部分,让 {{name}} 解不等式组 2x-1大于3 且 x+2小于7 并在数轴上表示解集。,moe-2022-math:S4.EQ.04,G-JH-MATH-02,cn_only
mtc_217,数学,Mathematics,方程与不等式,Equations & Inequalities,不等式的实际应用,PROCEDURAL,13,15,第四学段(7~9年级),能根据实际问题中的不等关系列出一元一次不等式（组）求解，做出最优方案选择。,能从实际问题中找出不等关系；能列不等式（组）求解；能根据解集做出合理决策,给 {{name}} 一道关于购物方案选择的问题，请他用不等式分析哪种方案更划算。,moe-2022-math:S4.EQ.04,G-JH-MATH-02,cn_only
mtc_218,数学,Mathematics,函数,Functions,变量与函数的概念,CONCEPTUAL,13,14,第四学段(7~9年级),理解常量、变量和函数的概念，能识别实际问题中的函数关系，会求自变量取值范围和函数值。,能区分常量和变量；能判断两个变量之间是否构成函数关系；能求自变量的取值范围和函数值,给 {{name}} 一个实际情境，请他找出变量并说明是否构成函数关系。,moe-2022-math:S4.FN.01,G-JH-MATH-03,cn_only
mtc_219,数学,Mathematics,函数,Functions,一次函数的图像与性质,CONCEPTUAL,13,15,第四学段(7~9年级),理解一次函数 y=kx+b 的概念，能用两点法画出图像，结合图像理解 k 和 b 对图像的影响。,能判断两个变量是否构成一次函数关系；能用两点法画出一次函数图像；能根据图像说出 k 和 b 的作用,让 {{name}} 画出 y=2x-3 的图像，并说明 k 和 b 对图像的影响。,moe-2022-math:S4.FN.01,G-JH-MATH-03,cn_only
mtc_220,数学,Mathematics,函数,Functions,一次函数与方程不等式的关系,META,13,15,第四学段(7~9年级),理解一次函数与一元一次方程、一元一次不等式的联系，能用函数图像求方程的解和不等式的解集。,能说明一次函数与一元一次方程的关系；能用函数图像求不等式的解集；能综合运用函数与方程解决问题,让 {{name}} 用一次函数的图像说明方程 2x-3=0 的解在哪里。,moe-2022-math:S4.FN.01,G-JH-MATH-03,cn_only
mtc_221,数学,Mathematics,函数,Functions,一次函数的实际应用,PROCEDURAL,13,15,第四学段(7~9年级),能用一次函数解决实际问题（如方案选择、分段计费），会结合图像做最优决策。,能根据实际问题建立一次函数关系；能利用函数图像分析方案；能做出最优决策,给 {{name}} 一道出租车分段计费问题，请他用一次函数分析费用。,moe-2022-math:S4.FN.01,G-JH-MATH-03,cn_only
mtc_222,数学,Mathematics,函数,Functions,反比例函数的图像与性质,CONCEPTUAL,13,15,第四学段(7~9年级),理解反比例函数 y=k/x 的概念，能画出双曲线图像，结合图像理解比例系数 k 的意义。,能识别反比例函数关系；能画出双曲线图像；能说明图像在每个象限内的变化趋势,让 {{name}} 画出 y=6/x 的图像，说说它在每个象限内怎样变化。,moe-2022-math:S4.FN.02,G-JH-MATH-03,cn_only
mtc_223,数学,Mathematics,函数,Functions,反比例函数的实际应用,PROCEDURAL,13,15,第四学段(7~9年级),能用反比例函数解决实际问题（如压强与受力面积、路程一定时速度与时间的关系）。,能根据实际问题建立反比例函数关系；能用反比例函数的图像或解析式求解；能检验结果合理性,让 {{name}} 用反比例函数解释当路程一定时速度和时间的关系。,moe-2022-math:S4.FN.02,G-JH-MATH-03,cn_only
mtc_224,数学,Mathematics,函数,Functions,二次函数的图像,CONCEPTUAL,14,15,第四学段(7~9年级),理解二次函数的概念，能用描点法或配方法画出抛物线，理解 a、b、c 对图像的影响。,能把二次函数化为顶点式；能用描点法画出抛物线图像；能说明 a 对开口方向的影响,让 {{name}} 把 y=x的平方减4x加3 配方为顶点式并画出图像。,moe-2022-math:S4.FN.03,G-JH-MATH-03,cn_only
mtc_225,数学,Mathematics,函数,Functions,二次函数的性质与最值,CONCEPTUAL,14,15,第四学段(7~9年级),能确定抛物线的开口方向、对称轴、顶点坐标，理解二次函数的最值并能求解。,能求出抛物线的对称轴和顶点坐标；能判断抛物线的增减性；能求二次函数的最大值或最小值,让 {{name}} 说出 y=x的平方减4x加3 的顶点坐标和最值。,moe-2022-math:S4.FN.03,G-JH-MATH-03,cn_only
mtc_226,数学,Mathematics,函数,Functions,二次函数的实际应用,PROCEDURAL,14,15,第四学段(7~9年级),能用二次函数解决利润最大、面积最大等最值问题，能解决抛物线形状的桥梁隧道等实际问题。,能根据实际问题建立二次函数模型；能利用二次函数求最值；能解决几何图形中的二次函数问题,给 {{name}} 一道求最大利润的问题，请他用二次函数求最优售价。,moe-2022-math:S4.FN.03,G-JH-MATH-03,cn_only
mtc_227,数学,Mathematics,图形与几何,Geometry & Shapes,相交线与对顶角邻补角,CONCEPTUAL,12,13,第四学段(7~9年级),理解对顶角和邻补角的概念，掌握对顶角相等的性质，能进行简单角度计算。,能识别对顶角和邻补角；能运用对顶角相等的性质；能进行简单角度计算,给 {{name}} 两条相交直线，请他指出对顶角和邻补角并求未知角。,moe-2022-math:S4.GE.01,G-JH-MATH-04,upstream_adapt
mtc_228,数学,Mathematics,图形与几何,Geometry & Shapes,平行线的性质与判定,CONCEPTUAL,12,13,第四学段(7~9年级),掌握平行线的性质（同位角内错角同旁内角）和判定方法，能进行简单的推理书写。,能区分平行线的性质和判定；能用平行线性质求角的大小；能用判定方法说明两直线平行,给 {{name}} 一个含平行线的图形，请他说明某两个角相等的理由。,moe-2022-math:S4.GE.01,G-JH-MATH-04,upstream_adapt
mtc_229,数学,Mathematics,图形与几何,Geometry & Shapes,三角形的三边关系与内角和,CONCEPTUAL,12,13,第四学段(7~9年级),掌握三角形三边关系定理和内角和定理，能判断三条线段能否组成三角形，求三角形内角。,能用三边关系判断能否构成三角形；能用内角和定理求角的度数；能求三角形外角的度数,给 {{name}} 三条线段的长度，请他判断能否构成三角形并说明理由。,moe-2022-math:S4.GE.02,G-JH-MATH-04,cn_only
mtc_230,数学,Mathematics,图形与几何,Geometry & Shapes,全等三角形的判定,CONCEPTUAL,12,14,第四学段(7~9年级),掌握三角形全等的判定方法（SSS/SAS/ASA/AAS/HL），能选择合适方法判定全等。,能说出全等三角形的四种判定方法；能根据条件选择合适方法；能正确书写全等的判定理由,给 {{name}} 两个三角形，请他判断用哪种方法证明它们全等。,moe-2022-math:S4.GE.02,G-JH-MATH-04,upstream_adapt
mtc_231,数学,Mathematics,图形与几何,Geometry & Shapes,全等三角形的证明与书写,PROCEDURAL,12,15,第四学段(7~9年级),能规范书写三角形全等的证明过程，明确公共边、公共角等隐含条件的运用。,能找出证明全等所需的条件；能规范书写证明过程；能利用全等证明线段或角相等,让 {{name}} 证明两个三角形全等，书写完整的推理过程。,moe-2022-math:S4.GE.02,G-JH-MATH-04,upstream_adapt
mtc_232,数学,Mathematics,图形与几何,Geometry & Shapes,等腰三角形的性质与判定,CONCEPTUAL,12,14,第四学段(7~9年级),掌握等腰三角形（等边三角形）的性质（等边对等角、三线合一）和判定方法。,能运用等腰三角形等边对等角求角度；能运用三线合一解决问题；能判定一个三角形是等腰三角形,给 {{name}} 一个等腰三角形，已知顶角求底角并说明理由。,moe-2022-math:S4.GE.02,G-JH-MATH-04,cn_only
mtc_233,数学,Mathematics,图形与几何,Geometry & Shapes,勾股定理及其应用,CONCEPTUAL,12,14,第四学段(7~9年级),掌握勾股定理（直角三角形两直角边的平方和等于斜边的平方），能运用它求边长和解决实际问题。,能说出勾股定理的内容；能运用勾股定理求直角三角形的边长；能解决简单的实际问题,让 {{name}} 用勾股定理求直角三角形的第三边。,moe-2022-math:S4.GE.03,G-JH-MATH-04,upstream_adapt
mtc_234,数学,Mathematics,图形与几何,Geometry & Shapes,勾股定理的逆定理,CONCEPTUAL,12,14,第四学段(7~9年级),掌握勾股定理的逆定理，能根据三边长度判断一个三角形是否为直角三角形。,能说出勾股定理逆定理的内容；能用逆定理判断三角形是否为直角三角形；能区分定理与逆定理,给 {{name}} 三边长 3、4、5，请他判断是不是直角三角形。,moe-2022-math:S4.GE.03,G-JH-MATH-04,cn_only
mtc_235,数学,Mathematics,图形与几何,Geometry & Shapes,平行四边形的性质与判定,CONCEPTUAL,13,15,第四学段(7~9年级),掌握平行四边形的性质（对边相等、对角相等、对角线互相平分）和判定方法。,能说出平行四边形的性质；能说出平行四边形的判定方法；能用性质或判定解决问题,让 {{name}} 证明一个四边形是平行四边形并说出判定依据。,moe-2022-math:S4.GE.04,G-JH-MATH-04,upstream_adapt
mtc_236,数学,Mathematics,图形与几何,Geometry & Shapes,矩形菱形正方形的性质与判定,CONCEPTUAL,13,15,第四学段(7~9年级),掌握矩形、菱形、正方形的特殊性质和判定方法，理解它们与平行四边形之间的包含关系。,能说出矩形菱形正方形各自的特殊性质；能判定一个四边形是特殊四边形；能说明它们之间的包含关系,让 {{name}} 画图说明平行四边形、矩形、菱形、正方形之间的包含关系。,moe-2022-math:S4.GE.04,G-JH-MATH-04,upstream_adapt
mtc_237,数学,Mathematics,图形与几何,Geometry & Shapes,圆的有关概念与垂径定理,CONCEPTUAL,14,15,第四学段(7~9年级),理解圆、弧、弦、圆心角等概念，掌握垂径定理及其推论，能运用垂径定理进行计算和证明。,能说出圆的有关概念；能运用垂径定理求弦长或半径；能添加辅助线解决垂径定理问题,给 {{name}} 一个圆中弦被垂径平分的问题，请他求弦长或半径。,moe-2022-math:S4.GE.05,G-JH-MATH-04,upstream_adapt
mtc_238,数学,Mathematics,图形与几何,Geometry & Shapes,圆周角定理,CONCEPTUAL,14,15,第四学段(7~9年级),掌握圆周角定理（同弧所对圆周角等于圆心角的一半）及其推论，能运用定理求角。,能说出圆周角定理的内容；能运用定理求圆周角的度数；能运用推论判断直径所对的角是直角,给 {{name}} 一个圆的图形，请他用圆周角定理求未知角的度数。,moe-2022-math:S4.GE.05,G-JH-MATH-04,cn_only
mtc_239,数学,Mathematics,图形与几何,Geometry & Shapes,弧长与扇形面积的计算,PROCEDURAL,14,15,第四学段(7~9年级),掌握弧长公式和扇形面积公式，能运用公式计算弧长和扇形面积。,能用弧长公式计算弧长；能用扇形面积公式计算面积；能解决组合图形的面积问题,给 {{name}} 一个半径和圆心角，请他计算对应的弧长和扇形面积。,moe-2022-math:S4.GE.05,G-JH-MATH-04,cn_only
mtc_240,数学,Mathematics,图形的变换,Transformations,平移变换,CONCEPTUAL,12,13,第四学段(7~9年级),理解平移的概念和性质，能按要求作出平移后的图形，能用坐标描述平移。,能说出平移的基本性质；能作出图形平移后的图形；能用坐标表示平移前后点的变化,让 {{name}} 在坐标系中把一个三角形向右平移3个单位，画出变换后的图形。,moe-2022-math:S4.TR.01,G-JH-MATH-05,upstream_adapt
mtc_241,数学,Mathematics,图形的变换,Transformations,轴对称与轴对称图形,CONCEPTUAL,12,14,第四学段(7~9年级),理解轴对称和轴对称图形的概念，能作出一个图形关于某直线的对称图形，理解对应点的坐标关系。,能区分轴对称和轴对称图形；能作出图形关于直线的对称图形；能用坐标表示对称关系,让 {{name}} 作出一个三角形关于 y 轴对称的图形并写出对应点坐标。,moe-2022-math:S4.TR.01,G-JH-MATH-05,cn_only
mtc_242,数学,Mathematics,图形的变换,Transformations,旋转变换,CONCEPTUAL,13,14,第四学段(7~9年级),理解旋转的概念和性质，能按要求作出旋转后的图形，能发现图形变换中的不变量。,能说出旋转的三要素（旋转中心方向角度）；能作出图形旋转后的图形；能发现旋转中的不变量,让 {{name}} 把一个三角形绕某点旋转90度，画出旋转后的图形。,moe-2022-math:S4.TR.01,G-JH-MATH-05,cn_only
mtc_243,数学,Mathematics,图形的变换,Transformations,相似多边形与位似图形,CONCEPTUAL,14,15,第四学段(7~9年级),理解相似多边形的概念和相似比，掌握相似三角形的判定和性质，了解位似图形。,能判断图形是否相似并求相似比；能证明三角形相似并求边长；能利用位似把图形放大或缩小,让 {{name}} 证明两个三角形相似并求出相似比。,moe-2022-math:S4.TR.02,G-JH-MATH-05,cn_only
mtc_244,数学,Mathematics,图形的变换,Transformations,锐角三角函数,CONCEPTUAL,14,15,第四学段(7~9年级),掌握锐角三角函数（正弦、余弦、正切）的定义，能求30度45度60度等特殊角的三角函数值。,能说出锐角三角函数的定义；能求特殊角的三角函数值；能说明三角函数值随角度变化的关系,让 {{name}} 在一个含30度的直角三角形中求各边的三角函数值。,moe-2022-math:S4.TR.02,G-JH-MATH-05,cn_only
mtc_245,数学,Mathematics,图形的变换,Transformations,解直角三角形,PROCEDURAL,14,15,第四学段(7~9年级),能运用勾股定理、锐角三角函数和两锐角互余的关系解直角三角形，解决实际测量问题。,能根据已知条件解直角三角形；能用三角函数解决仰角俯角问题；能解决坡度坡角等实际问题,让 {{name}} 用解直角三角形的方法求一座建筑物的高度（已知仰角和距离）。,moe-2022-math:S4.TR.02,G-JH-MATH-05,cn_only
mtc_246,数学,Mathematics,统计与概率,Statistics & Probability,数据的收集与整理,PROCEDURAL,12,14,第四学段(7~9年级),了解全面调查和抽样调查，能设计简单的调查方案，会用统计表和统计图整理数据。,能区分全面调查和抽样调查；能选择合适的统计图表示数据；能从统计图中获取信息,让 {{name}} 设计一个调查班级同学身高的方案并选择合适的统计图。,moe-2022-math:S4.SP.01,G-JH-MATH-06,cn_only
mtc_247,数学,Mathematics,统计与概率,Statistics & Probability,平均数中位数与众数,PROCEDURAL,12,15,第四学段(7~9年级),理解平均数、中位数、众数的概念和意义，能选择合适的集中趋势量分析数据。,能计算平均数中位数和众数；能说明三个统计量各自的适用场景；能根据问题选择合适的统计量,给 {{name}} 一组数据，请他计算平均数、中位数和众数并解释意义。,moe-2022-math:S4.SP.01,G-JH-MATH-06,upstream_adapt
mtc_248,数学,Mathematics,统计与概率,Statistics & Probability,方差与数据的波动程度,PROCEDURAL,12,15,第四学段(7~9年级),理解方差是刻画数据波动程度的量，能计算方差并用它比较两组数据的稳定性。,能计算一组数据的方差；能用方差说明数据的波动大小；能根据方差比较两组数据的稳定性,给 {{name}} 两名射击运动员的成绩数据，请他用方差判断谁发挥更稳定。,moe-2022-math:S4.SP.01,G-JH-MATH-06,cn_only
mtc_249,数学,Mathematics,统计与概率,Statistics & Probability,统计图的选择与解读,REPRESENTATIONAL,12,15,第四学段(7~9年级),能根据数据特点选择合适的统计图（条形图折线图扇形图），并能从统计图中读取和解读信息。,能说出三种统计图各自的特点；能根据数据选择合适的统计图；能从统计图中发现并解释数据特征,给 {{name}} 一张扇形统计图，请他解读图中反映的信息。,moe-2022-math:S4.SP.01,G-JH-MATH-06,cn_only
mtc_250,数学,Mathematics,统计与概率,Statistics & Probability,概率的意义,CONCEPTUAL,12,14,第四学段(7~9年级),理解概率是描述随机事件发生可能性大小的量，能判断必然事件、不可能事件和随机事件。,能区分必然事件不可能事件和随机事件；能理解概率的意义和取值范围；能比较事件发生的可能性,让 {{name}} 说说掷一枚骰子点数小于7是什么事件，概率是多少。,moe-2022-math:S4.SP.02,G-JH-MATH-06,cn_only
mtc_251,数学,Mathematics,统计与概率,Statistics & Probability,用列举法求概率,PROCEDURAL,12,15,第四学段(7~9年级),能用列表法和树状图法列举所有等可能的结果，正确计算简单随机事件的概率。,能用列表法列举所有可能结果；能用树状图法列举所有可能结果；能正确计算概率,让 {{name}} 用树状图求掷两枚骰子点数和为7的概率。,moe-2022-math:S4.SP.02,G-JH-MATH-06,upstream_adapt
mtc_252,数学,Mathematics,统计与概率,Statistics & Probability,用频率估计概率,CONCEPTUAL,12,15,第四学段(7~9年级),理解在大量重复试验中频率趋于稳定，可以用频率来估计概率，体会频率与概率的关系。,能说明频率与概率的关系；能用频率估计概率；能设计模拟试验估算概率,让 {{name}} 说说抛硬币很多次后正面朝上的频率会怎样变化，为什么能估计概率。,moe-2022-math:S4.SP.02,G-JH-MATH-06,cn_only
mtc_253,数学,Mathematics,综合与实践,Comprehensive Practice,数学建模初步,META,13,15,第四学段(7~9年级),经历从实际问题中抽象数学模型、求解并验证的过程，体会数学建模的基本思想。,能从实际问题中抽象数学关系；能建立模型并求解；能验证并反思模型的合理性,让 {{name}} 用数学方法分析一个最优方案选择问题，建立模型并求解。,moe-2022-math:S4.CP.01,G-JH-MATH-07,cross_domain
mtc_254,数学,Mathematics,综合与实践,Comprehensive Practice,代数与几何综合应用,META,13,15,第四学段(7~9年级),能综合运用代数（方程函数不等式）和几何知识解决综合性的实际问题或动点问题。,能综合运用方程函数等代数知识；能结合几何图形分析问题；能解决简单的动点或综合探究问题,给 {{name}} 一道结合一次函数与几何图形的综合题，请他分析求解。,moe-2022-math:S4.CP.01,G-JH-MATH-07,cross_domain
mtc_255,化学,Chemistry,科学探究与化学实验,Chemical Inquiry,常见化学仪器与药品取用,PROCEDURAL,12,13,第四学段(7~9年级),认识试管烧杯量筒酒精灯等常见化学仪器，掌握固体和液体药品的取用方法和安全规则。,能识别并说出常见仪器的用途；能正确取用固体和液体药品；能说出实验室安全注意事项,让 {{name}} 演示如何用药匙取用固体粉末和用滴管取用液体，并说安全要点。,moe-2022-chem:S4.EX.01,G-JH-CHEM-01,cn_only
mtc_256,化学,Chemistry,科学探究与化学实验,Chemical Inquiry,加热过滤与蒸发操作,PROCEDURAL,12,14,第四学段(7~9年级),掌握给试管中液体加热的方法、过滤操作（一贴二低三靠）和蒸发结晶的基本操作。,能正确给试管里的液体加热；能进行规范的过滤操作；能进行蒸发操作得到晶体,让 {{name}} 说说过滤操作的一贴二低三靠分别指什么，并演示加热液体。,moe-2022-chem:S4.EX.01,G-JH-CHEM-01,cn_only
mtc_257,化学,Chemistry,科学探究与化学实验,Chemical Inquiry,实验室制取氧气,PROCEDURAL,12,14,第四学段(7~9年级),掌握实验室用过氧化氢（二氧化锰催化）和高锰酸钾制取氧气的原理、装置、收集和检验方法。,能写出制取氧气的化学方程式；能选择并组装制取氧气的装置；能用排水法和向上排空气法收集氧气并检验,让 {{name}} 设计实验制取一瓶氧气，说明用什么药品和装置、怎么收集和检验。,moe-2022-chem:S4.EX.01,G-JH-CHEM-01,cn_only
mtc_258,化学,Chemistry,科学探究与化学实验,Chemical Inquiry,实验室制取二氧化碳,PROCEDURAL,13,14,第四学段(7~9年级),掌握实验室用大理石和稀盐酸制取二氧化碳的原理、装置选择和收集检验方法。,能写出制取二氧化碳的化学方程式；能说明为什么选用大理石和稀盐酸；能用向上排空气法收集并检验,让 {{name}} 说说实验室制取二氧化碳用什么药品、装置和收集方法，并说明理由。,moe-2022-chem:S4.EX.01,G-JH-CHEM-01,cn_only
mtc_259,化学,Chemistry,科学探究与化学实验,Chemical Inquiry,常见气体的收集与检验方法,PROCEDURAL,12,15,第四学段(7~9年级),掌握氧气、二氧化碳、氢气等常见气体的收集方法（排水法向上向下排空气法）和检验方法。,能根据气体性质选择合适的收集方法；能用带火星木条检验氧气；能用澄清石灰水检验二氧化碳,给 {{name}} 一瓶气体，请他设计实验判断是氧气还是二氧化碳。,moe-2022-chem:S4.EX.02,G-JH-CHEM-01,cn_only
mtc_260,化学,Chemistry,科学探究与化学实验,Chemical Inquiry,物质的分离与提纯,PROCEDURAL,13,15,第四学段(7~9年级),能用过滤、结晶、蒸馏等物理或化学方法分离和提纯混合物，能根据物质性质设计分离方案。,能说明过滤结晶蒸馏的适用条件；能设计分离混合物的实验方案；能解释分离方法的原理,让 {{name}} 设计一个分离粗盐（含泥沙）中氯化钠的实验方案。,moe-2022-chem:S4.EX.02,G-JH-CHEM-01,cn_only
mtc_261,化学,Chemistry,物质的性质与应用,Properties & Applications,空气的成分及测定,CONCEPTUAL,12,14,第四学段(7~9年级),了解空气的主要成分及体积分数（氮气约78%、氧气约21%等），能用实验测定空气中氧气的含量。,能说出空气的主要成分及体积分数；能说明测定空气中氧气含量实验的原理；能分析实验误差原因,让 {{name}} 说出空气的主要成分及体积分数，并说说怎么测定氧气含量。,moe-2022-chem:S4.PA.01,G-JH-CHEM-02,cn_only
mtc_262,化学,Chemistry,物质的性质与应用,Properties & Applications,氧气的性质,CONCEPTUAL,12,14,第四学段(7~9年级),掌握氧气的物理性质和化学性质，能描述氧气与碳硫磷铁等物质反应的现象和产物。,能描述氧气的物理性质；能描述氧气与几种物质反应的现象；能写出相关的化学方程式,让 {{name}} 说说铁丝在氧气中燃烧的现象，并写出化学方程式。,moe-2022-chem:S4.PA.01,G-JH-CHEM-02,cn_only
mtc_263,化学,Chemistry,物质的性质与应用,Properties & Applications,水的组成与净化,CONCEPTUAL,12,14,第四学段(7~9年级),通过电解水实验认识水是由氢氧两种元素组成的，了解硬水软水及水的净化方法（吸附沉淀过滤消毒）。,能解释电解水实验说明了什么；能区分硬水和软水；能说出水的净化步骤和原理,让 {{name}} 解释电解水实验说明了什么，并说说怎么区分硬水和软水。,moe-2022-chem:S4.PA.02,G-JH-CHEM-02,cn_only
mtc_264,化学,Chemistry,物质的性质与应用,Properties & Applications,溶液的形成与溶解现象,CONCEPTUAL,12,14,第四学段(7~9年级),理解溶液、溶质和溶剂的概念，能判断溶液中溶质和溶剂，了解溶解时的吸热和放热现象。,能说出溶液的基本特征（均一稳定）；能判断溶液中的溶质和溶剂；能说明溶解时的吸热放热现象,给 {{name}} 几种混合物，请他判断哪些是溶液并指出溶质和溶剂。,moe-2022-chem:S4.PA.02,G-JH-CHEM-02,cn_only
mtc_265,化学,Chemistry,物质的性质与应用,Properties & Applications,溶解度与溶解度曲线,CONCEPTUAL,13,15,第四学段(7~9年级),理解固体溶解度的概念（四要素），能读懂溶解度曲线，能比较不同物质的溶解性。,能说出固体溶解度概念的四要素；能解读溶解度曲线上的信息；能比较不同温度下物质的溶解度,给 {{name}} 一张溶解度曲线图，请他说出某物质在20度时的溶解度并比较两种物质的溶解性。,moe-2022-chem:S4.PA.02,G-JH-CHEM-02,cn_only
mtc_266,化学,Chemistry,物质的性质与应用,Properties & Applications,溶液中溶质的质量分数计算,PROCEDURAL,13,15,第四学段(7~9年级),掌握溶质质量分数的概念和公式，能进行溶液稀释和浓缩的计算，会配制一定质量分数的溶液。,能用公式计算溶质的质量分数；能进行溶液稀释的计算；能设计配制一定质量分数溶液的步骤,让 {{name}} 计算把10克食盐溶于90克水后溶液的质量分数，并说说怎么配制。,moe-2022-chem:S4.PA.02,G-JH-CHEM-02,cn_only
mtc_267,化学,Chemistry,物质的性质与应用,Properties & Applications,碳单质的性质与用途,CONCEPTUAL,13,15,第四学段(7~9年级),了解金刚石、石墨、活性炭等碳单质的物理性质差异和用途，理解结构决定性质的关系。,能说出金刚石和石墨的性质差异及用途；能说明活性炭的吸附性；能理解碳单质结构决定性质,让 {{name}} 说说金刚石和石墨都是由碳元素组成为什么性质差异这么大。,moe-2022-chem:S4.PA.03,G-JH-CHEM-02,cn_only
mtc_268,化学,Chemistry,物质的性质与应用,Properties & Applications,二氧化碳的性质,CONCEPTUAL,13,15,第四学段(7~9年级),掌握二氧化碳的物理性质和化学性质（不支持燃烧、与水反应、与澄清石灰水反应），能解释相关现象。,能描述二氧化碳的物理性质；能说出二氧化碳的化学性质；能用化学性质解释生活现象,让 {{name}} 说说二氧化碳有哪些性质，并解释它为什么能用来灭火。,moe-2022-chem:S4.PA.03,G-JH-CHEM-02,cn_only
mtc_269,化学,Chemistry,物质的性质与应用,Properties & Applications,一氧化碳的性质,CONCEPTUAL,13,15,第四学段(7~9年级),掌握一氧化碳的可燃性、还原性和毒性，能写出相关化学方程式并解释一氧化碳中毒原理。,能写出一氧化碳燃烧的化学方程式；能说明一氧化碳的还原性；能解释一氧化碳的毒性及预防,让 {{name}} 说说一氧化碳为什么有毒，以及它能还原氧化铜的原理。,moe-2022-chem:S4.PA.03,G-JH-CHEM-02,cn_only
mtc_270,化学,Chemistry,物质的性质与应用,Properties & Applications,金属的物理性质与合金,CONCEPTUAL,13,15,第四学段(7~9年级),了解金属的共同物理性质（光泽导电导热延展性）和合金的特点（硬度大熔点低）及用途。,能说出金属的共同物理性质；能说明合金比纯金属硬度大熔点低；能根据用途选择合适的金属材料,让 {{name}} 说说为什么合金比纯金属应用更广泛，举几个合金的例子。,moe-2022-chem:S4.PA.04,G-JH-CHEM-02,upstream_adapt
mtc_271,化学,Chemistry,物质的性质与应用,Properties & Applications,金属的化学性质,CONCEPTUAL,13,15,第四学段(7~9年级),掌握金属与氧气、酸和盐溶液反应的化学性质，能写出相关化学方程式。,能写出金属与氧气反应的方程式；能写出金属与酸反应的方程式；能写出金属与盐溶液反应的方程式,让 {{name}} 写出铁与稀盐酸、铁与硫酸铜溶液反应的化学方程式。,moe-2022-chem:S4.PA.04,G-JH-CHEM-02,upstream_adapt
mtc_272,化学,Chemistry,物质的性质与应用,Properties & Applications,金属活动性顺序及其应用,CONCEPTUAL,13,15,第四学段(7~9年级),掌握金属活动性顺序表，能用它判断金属能否与酸反应、能否发生置换反应并比较金属活动性强弱。,能背诵金属活动性顺序表；能判断金属能否置换酸中的氢；能设计实验比较金属的活动性强弱,让 {{name}} 用金属活动性顺序判断铁能否置换硫酸铜溶液中的铜。,moe-2022-chem:S4.PA.04,G-JH-CHEM-02,upstream_adapt
mtc_273,化学,Chemistry,物质的性质与应用,Properties & Applications,金属的锈蚀与防护,CONCEPTUAL,13,15,第四学段(7~9年级),了解铁锈蚀的条件（同时接触水和氧气），能设计实验探究防锈方法，了解金属资源的保护。,能说出铁生锈的条件；能设计实验验证生锈的条件；能提出防止金属锈蚀的方法,让 {{name}} 说说铁在什么条件下容易生锈，以及如何防止自行车生锈。,moe-2022-chem:S4.PA.04,G-JH-CHEM-02,cn_only
mtc_274,化学,Chemistry,物质的性质与应用,Properties & Applications,常见的酸及其性质,CONCEPTUAL,13,15,第四学段(7~9年级),认识盐酸和硫酸的性质和用途，掌握酸的四条通性（与指示剂金属金属氧化物碱盐反应）。,能说出盐酸硫酸的物理性质和用途；能说出酸的化学通性；能写出酸与金属氧化物反应的方程式,让 {{name}} 说说稀盐酸有哪些化学性质，并用它清除铁锈的原理写出方程式。,moe-2022-chem:S4.PA.05,G-JH-CHEM-02,cn_only
mtc_275,化学,Chemistry,物质的性质与应用,Properties & Applications,常见的碱及其性质,CONCEPTUAL,13,15,第四学段(7~9年级),认识氢氧化钠和氢氧化钙的性质和用途，掌握碱的通性（与指示剂非金属氧化物酸盐反应）。,能说出氢氧化钠和氢氧化钙的性质和用途；能说出碱的化学通性；能写出碱与非金属氧化物反应的方程式,让 {{name}} 说说氢氧化钠为什么必须密封保存，以及它吸收二氧化碳的原理。,moe-2022-chem:S4.PA.05,G-JH-CHEM-02,cn_only
mtc_276,化学,Chemistry,物质的性质与应用,Properties & Applications,中和反应与溶液的pH,CONCEPTUAL,13,15,第四学段(7~9年级),理解中和反应（酸与碱作用生成盐和水）的实质，能测定和调节溶液的酸碱性强弱（pH）。,能说出中和反应的实质和产物；能用pH试纸测定溶液酸碱度；能解释中和反应的实际应用,让 {{name}} 判断稀盐酸和氢氧化钠能否发生反应，用酚酞怎么判断反应终点。,moe-2022-chem:S4.PA.05,G-JH-CHEM-02,cn_only
mtc_277,化学,Chemistry,物质的性质与应用,Properties & Applications,常见的盐与化学肥料,CONCEPTUAL,13,15,第四学段(7~9年级),认识常见的盐（氯化钠碳酸钠碳酸氢钠碳酸钙）的性质和用途，了解氮磷钾化肥的种类和作用。,能说出几种常见盐的性质和用途；能区分复合肥氮肥磷肥钾肥；能说明食盐和纯碱的用途,让 {{name}} 说说碳酸氢钠在焙制糕点时的作用，并区分几种常见化肥。,moe-2022-chem:S4.PA.05,G-JH-CHEM-02,cn_only
mtc_278,化学,Chemistry,物质的性质与应用,Properties & Applications,复分解反应发生的条件,CONCEPTUAL,13,15,第四学段(7~9年级),掌握复分解反应发生的条件（生成沉淀气体或水），能判断酸碱盐之间能否发生反应。,能说出复分解反应发生的三个条件；能判断两种物质能否发生复分解反应；能写出典型反应的方程式,给 {{name}} 几组物质，请他判断哪些能发生复分解反应并说明理由。,moe-2022-chem:S4.PA.05,G-JH-CHEM-02,cn_only
mtc_279,化学,Chemistry,物质的性质与应用,Properties & Applications,燃烧与灭火,CONCEPTUAL,12,14,第四学段(7~9年级),理解燃烧的条件（可燃物与氧气接触温度达到着火点）和灭火的原理，了解促进和抑制燃烧的方法。,能说出燃烧的三个条件；能根据燃烧条件说明灭火原理；能解释爆炸和缓慢氧化的区别,让 {{name}} 说说燃烧需要哪些条件，以及油锅着火该怎么灭。,moe-2022-chem:S4.PA.01,G-JH-CHEM-02,cn_only
mtc_280,化学,Chemistry,物质的组成与结构,Composition & Structure,分子和原子,CONCEPTUAL,13,15,第四学段(7~9年级),认识分子和原子是构成物质的基本微粒，理解分子的基本性质和化学变化的微观本质。,能说出分子原子的基本性质；能用分子原子观点解释物理变化和化学变化的区别；能说明原子是化学变化中的最小粒子,让 {{name}} 用分子原子的观点解释水蒸发的本质。,moe-2022-chem:S4.CS.01,G-JH-CHEM-03,cn_only
mtc_281,化学,Chemistry,物质的组成与结构,Composition & Structure,原子的构成与离子,CONCEPTUAL,13,15,第四学段(7~9年级),了解原子的构成（原子核和核外电子）和相对原子质量，理解核外电子排布和离子的形成。,能说出原子的构成；能用原子结构示意图表示原子；能说明离子是怎样形成的,让 {{name}} 说说原子由什么构成，钠原子失去一个电子后变成什么。,moe-2022-chem:S4.CS.01,G-JH-CHEM-03,cn_only
mtc_282,化学,Chemistry,物质的组成与结构,Composition & Structure,元素与元素符号,LANGUAGE,13,15,第四学段(7~9年级),理解元素的概念（质子数相同的一类原子的总称），了解元素符号的意义，能记住常见元素的符号。,能说出元素的定义；能正确书写常见元素的符号；能根据元素种类对物质分类（单质化合物）,让 {{name}} 说明水是由什么元素组成的，写出氢和氧的元素符号。,moe-2022-chem:S4.CS.01,G-JH-CHEM-03,cn_only
mtc_283,化学,Chemistry,物质的组成与结构,Composition & Structure,化学式及其意义,LANGUAGE,13,15,第四学段(7~9年级),理解化学式的含义，能根据化学式说出物质组成，能正确书写常见物质的化学式。,能说出化学式表示的意义；能根据名称写出化学式；能根据化学式计算物质的相对分子质量,让 {{name}} 说出二氧化碳的化学式并解释它表示的意义。,moe-2022-chem:S4.CS.02,G-JH-CHEM-03,cn_only
mtc_284,化学,Chemistry,物质的组成与结构,Composition & Structure,化合价及其应用,PROCEDURAL,13,15,第四学段(7~9年级),理解化合价的含义和规律，能根据化合价书写化学式，能根据化学式求元素的化合价。,能说出常见元素和原子团的化合价；能根据化合价写化学式；能根据化学式求化合价,让 {{name}} 根据化合价写出氧化铝的化学式，并求高锰酸钾中锰的化合价。,moe-2022-chem:S4.CS.02,G-JH-CHEM-03,cn_only
mtc_285,化学,Chemistry,物质的化学变化,Chemical Changes,物理变化与化学变化,CONCEPTUAL,12,13,第四学段(7~9年级),理解物理变化和化学变化的本质区别（是否生成新物质），能判断常见变化属于哪种类型。,能区分物理变化和化学变化；能说出两者的本质区别；能判断具体变化属于哪种类型,给 {{name}} 几个变化（如蜡烛燃烧、水结冰），请他判断是物理变化还是化学变化。,moe-2022-chem:S4.CH.01,G-JH-CHEM-04,cn_only
mtc_286,化学,Chemistry,物质的化学变化,Chemical Changes,质量守恒定律,CONCEPTUAL,13,15,第四学段(7~9年级),理解质量守恒定律（参加化学反应各物质的质量总和等于生成物质量总和），能从微观解释其本质。,能说出质量守恒定律的内容；能用原子分子观点解释守恒的本质；能解释有气体参与时的质量变化,让 {{name}} 解释为什么蜡烛燃烧后剩余固体变少了是否违反质量守恒定律。,moe-2022-chem:S4.CH.01,G-JH-CHEM-04,cn_only
mtc_287,化学,Chemistry,物质的化学变化,Chemical Changes,化学方程式的书写与配平,PROCEDURAL,13,15,第四学段(7~9年级),掌握化学方程式的书写步骤（写配标等），能用最小公倍数法配平化学方程式并注明条件和状态。,能正确写出反应物和生成物的化学式；能用最小公倍数法配平化学方程式；能正确标注反应条件和气体沉淀符号,让 {{name}} 写出碳在氧气中充分燃烧的化学方程式并配平。,moe-2022-chem:S4.CH.01,G-JH-CHEM-04,cn_only
mtc_288,化学,Chemistry,物质的化学变化,Chemical Changes,根据化学方程式的计算,PROCEDURAL,13,15,第四学段(7~9年级),能根据化学方程式，由已知反应物（或生成物）的质量求另一种物质的质量，规范书写计算格式。,能根据化学方程式列出比例关系；能正确进行有关反应物和生成物的质量计算；能规范书写计算步骤,让 {{name}} 计算加热分解多少克高锰酸钾能制取4.8克氧气。,moe-2022-chem:S4.CH.01,G-JH-CHEM-04,cn_only
mtc_289,化学,Chemistry,物质的化学变化,Chemical Changes,化学反应的基本类型,CONCEPTUAL,13,15,第四学段(7~9年级),认识化合反应、分解反应、置换反应和复分解反应四种基本反应类型，能判断给定反应的类型。,能说出四种基本反应类型的特点；能判断具体反应属于哪种类型；能写出各类型的典型反应方程式,给 {{name}} 几个化学方程式，请他判断各属于哪种基本反应类型。,moe-2022-chem:S4.CH.02,G-JH-CHEM-04,cn_only
mtc_290,生物学,Biology,生物体的结构层次,Biological Structure,练习使用显微镜,PROCEDURAL,12,13,第四学段(7~9年级),认识显微镜的各部分结构，掌握显微镜的对光、安放装片和观察的操作步骤，能计算放大倍数。,能说出显微镜各部分名称；能按规范步骤操作显微镜对光并观察；能计算显微镜的放大倍数,让 {{name}} 操作显微镜观察一片装片，说出操作步骤和放大倍数。,moe-2022-bio:S4.BS.01,G-JH-BIO-01,upstream_adapt
mtc_291,生物学,Biology,生物体的结构层次,Biological Structure,观察动植物细胞的基本结构,CONCEPTUAL,12,14,第四学段(7~9年级),认识动植物细胞的基本结构（细胞膜细胞质细胞核，植物还有细胞壁液泡叶绿体），能制作临时装片观察。,能说出动植物细胞结构的异同；能制作洋葱表皮临时装片；能画出显微镜下看到的细胞结构图,让 {{name}} 在显微镜下观察洋葱表皮细胞，画出看到的结构。,moe-2022-bio:S4.BS.01,G-JH-BIO-01,upstream_adapt
mtc_292,生物学,Biology,生物体的结构层次,Biological Structure,细胞的生活,CONCEPTUAL,12,14,第四学段(7~9年级),理解细胞的生活需要物质和能量，细胞核是遗传信息库，能说明细胞怎样通过分裂和生长增殖。,能说出细胞生活需要的物质和能量；能说明细胞核是遗传信息库；能描述细胞分裂的基本过程,让 {{name}} 说说细胞生活需要哪些物质和能量，细胞核有什么作用。,moe-2022-bio:S4.BS.01,G-JH-BIO-01,cn_only
mtc_293,生物学,Biology,生物体的结构层次,Biological Structure,细胞分化形成组织,CONCEPTUAL,12,14,第四学段(7~9年级),理解细胞分化形成组织，认识植物的主要组织和动物的基本组织及其功能。,能说出细胞分化的概念；能说出植物的主要组织；能说出动物的四种基本组织,让 {{name}} 说说人体的四种基本组织分别有什么功能。,moe-2022-bio:S4.BS.02,G-JH-BIO-01,cn_only
mtc_294,生物学,Biology,生物体的结构层次,Biological Structure,动植物体的结构层次,CONCEPTUAL,12,15,第四学段(7~9年级),理解动植物的结构层次：细胞→组织→器官→系统（动物）→生物体，能识别常见器官。,能说出动物体的结构层次；能说出植物体的结构层次；能说明动植物结构层次的异同,让 {{name}} 说明一棵番茄和人体的结构层次有什么相同和不同。,moe-2022-bio:S4.BS.02,G-JH-BIO-01,cn_only
mtc_295,生物学,Biology,生物体的结构层次,Biological Structure,单细胞生物,CONCEPTUAL,12,14,第四学段(7~9年级),认识草履虫等单细胞生物能独立完成生命活动，了解单细胞生物与人类生活的关系。,能说出草履虫的结构和运动方式；能说明单细胞生物能独立完成生命活动；能举例说明单细胞生物的作用,让 {{name}} 说说草履虫这样一个细胞是怎样完成各种生命活动的。,moe-2022-bio:S4.BS.02,G-JH-BIO-01,cn_only
mtc_296,生物学,Biology,生物与环境,Organisms & Environment,环境对生物的影响,CONCEPTUAL,12,13,第四学段(7~9年级),理解生物与环境相互影响，能区分非生物因素和生物因素对生物的影响。,能说出影响生物的非生物因素；能区分生物因素中的捕食竞争共生关系；能说明生物对环境的适应和影响,让 {{name}} 举例说明阳光温度水等非生物因素怎样影响生物的生活。,moe-2022-bio:S4.BE.01,G-JH-BIO-03,cn_only
mtc_297,生物学,Biology,生物与环境,Organisms & Environment,生态系统的组成,CONCEPTUAL,12,14,第四学段(7~9年级),理解生态系统的组成（生物部分和非生物部分），认识生产者消费者分解者及其作用。,能说出生态系统的组成；能区分生产者消费者和分解者；能说明生态系统各成分的作用,让 {{name}} 说说一个森林生态系统由哪些部分组成，各自起什么作用。,moe-2022-bio:S4.BE.01,G-JH-BIO-03,upstream_adapt
mtc_298,生物学,Biology,生物与环境,Organisms & Environment,食物链与食物网,CONCEPTUAL,12,15,第四学段(7~9年级),掌握食物链的正确书写方法（从生产者开始箭头指向捕食者），理解食物网中生物数量的相互影响。,能正确书写一条食物链；能解读食物网中生物的关系；能分析某生物数量变化对其他生物的影响,让 {{name}} 分析草→兔→狐这条食物链中各种生物数量变化的关系。,moe-2022-bio:S4.BE.01,G-JH-BIO-03,upstream_adapt
mtc_299,生物学,Biology,生物与环境,Organisms & Environment,生态系统的能量流动与物质循环,CONCEPTUAL,13,15,第四学段(7~9年级),理解生态系统中能量沿着食物链单向流动逐级递减，物质（如碳）在生物与无机环境之间循环。,能说明能量沿着食物链流动的特点；能解释碳循环的过程；能说出有害物质在食物链中富集的现象,让 {{name}} 说说为什么在食物链中越靠后的生物体内有毒物质可能越多。,moe-2022-bio:S4.BE.01,G-JH-BIO-03,cn_only
mtc_300,生物学,Biology,生物与环境,Organisms & Environment,生物圈是最大的生态系统,META,12,15,第四学段(7~9年级),认识生物圈是最大的生态系统，了解各种生态系统的特点和它们之间的联系，树立保护环境的意识。,能说出生物圈的范围；能列举几种常见的生态系统类型；能说明保护生物圈的意义,让 {{name}} 说说生物圈包括哪些范围，为什么说生物圈是一个统一的整体。,moe-2022-bio:S4.BE.01,G-JH-BIO-03,cn_only
mtc_301,生物学,Biology,生物的多样性,Biodiversity,植物的主要类群,CONCEPTUAL,12,14,第四学段(7~9年级),认识藻类苔藓蕨类和种子植物（裸子被子）的主要特征和与人类的关系。,能说出几大类植物的主要特征；能区分裸子植物和被子植物；能举例说明植物与人类的关系,让 {{name}} 说说藻类苔藓蕨类和种子植物各有什么特点。,moe-2022-bio:S4.BD.01,G-JH-BIO-02,cn_only
mtc_302,生物学,Biology,生物的多样性,Biodiversity,动物的主要类群,CONCEPTUAL,12,15,第四学段(7~9年级),认识无脊椎动物（腔肠环节节肢等）和脊椎动物（鱼两栖鸟爬行哺乳）的主要特征。,能说出无脊椎动物和脊椎动物的主要类群；能说出脊椎动物五纲的主要特征；能根据特征判断动物的类群,让 {{name}} 说说鱼类和哺乳动物各有什么适应环境的特点。,moe-2022-bio:S4.BD.01,G-JH-BIO-02,cn_only
mtc_303,生物学,Biology,生物的多样性,Biodiversity,细菌真菌和病毒,CONCEPTUAL,12,15,第四学段(7~9年级),认识细菌真菌和病毒的结构特点和生活方式，了解微生物在自然界和人类生活中的作用。,能说出细菌真菌病毒的结构特点；能区分细菌和真菌的营养方式；能举例说明微生物的作用和危害,让 {{name}} 比较细菌和真菌在结构和大小上的区别，说说它们有什么用处。,moe-2022-bio:S4.BD.01,G-JH-BIO-02,cn_only
mtc_304,生物学,Biology,生物的多样性,Biodiversity,生物的分类,CONCEPTUAL,12,15,第四学段(7~9年级),了解生物分类的方法和七个等级（界门纲目科属种），理解种是基本单位，亲缘关系越近共同特征越多。,能说出生物分类的七个等级；能说明种是分类的基本单位；能根据分类判断生物间的亲缘关系,让 {{name}} 说说生物分类有哪些等级，为什么种是基本单位。,moe-2022-bio:S4.BD.01,G-JH-BIO-02,upstream_adapt
mtc_305,生物学,Biology,生物的多样性,Biodiversity,保护生物多样性,META,12,15,第四学段(7~9年级),认识生物多样性的三个层次（基因物种生态系统），理解保护生物多样性的意义和途径。,能说出生物多样性的三个层次；能说明保护生物多样性的意义；能提出保护生物多样性的措施,让 {{name}} 说说保护生物多样性应该从哪几个层次入手，可以怎么做。,moe-2022-bio:S4.BD.01,G-JH-BIO-02,upstream_adapt
mtc_306,生物学,Biology,植物的生活,Plant Life,种子的萌发,CONCEPTUAL,12,13,第四学段(7~9年级),了解种子萌发的环境条件（适宜温度一定水分充足空气）和自身条件，能设计探究实验。,能说出种子萌发需要的环境条件；能说明种子萌发的自身条件；能设计探究种子萌发条件的实验,让 {{name}} 设计一个实验探究种子萌发是否需要光照。,moe-2022-bio:S4.PL.01,G-JH-BIO-04,cn_only
mtc_307,生物学,Biology,植物的生活,Plant Life,植株的生长与无机盐,CONCEPTUAL,12,14,第四学段(7~9年级),了解根的生长、枝条的发育和植物生长需要的主要无机盐（氮磷钾）及其作用。,能说出根尖的结构和生长部位；能说明氮磷钾对植物生长的作用；能解释合理施肥的意义,让 {{name}} 说说植物缺氮缺磷缺钾分别会出现什么症状。,moe-2022-bio:S4.PL.02,G-JH-BIO-04,cn_only
mtc_308,生物学,Biology,植物的生活,Plant Life,开花和结果,CONCEPTUAL,12,14,第四学段(7~9年级),了解花的结构、传粉和受精的过程，理解果实和种子是怎样形成的。,能说出花的主要结构；能说明传粉和受精的过程；能解释果实和种子各由花的哪部分发育而来,让 {{name}} 说说一朵花最重要的结构是什么，果实和种子是怎样形成的。,moe-2022-bio:S4.PL.01,G-JH-BIO-04,cn_only
mtc_309,生物学,Biology,植物的生活,Plant Life,植物的光合作用,CONCEPTUAL,13,15,第四学段(7~9年级),理解光合作用的过程（条件光照原料二氧化碳和水产物有机物和氧气），认识光合作用的意义。,能写出光合作用的表达式和条件；能说明光合作用对生物圈的意义；能设计实验验证光合作用产生氧气,让 {{name}} 解释为什么说绿色植物是生物圈的基石（光合作用）。,moe-2022-bio:S4.PL.01,G-JH-BIO-04,cn_only
mtc_310,生物学,Biology,植物的生活,Plant Life,植物的呼吸作用,CONCEPTUAL,13,15,第四学段(7~9年级),理解呼吸作用的过程（吸收氧气分解有机物释放能量），能比较光合作用和呼吸作用的联系和区别。,能写出呼吸作用的表达式；能说明呼吸作用释放能量供生命活动；能比较光合作用和呼吸作用的区别,让 {{name}} 比较光合作用和呼吸作用在条件和原料产物上有什么不同。,moe-2022-bio:S4.PL.01,G-JH-BIO-04,cn_only
mtc_311,生物学,Biology,植物的生活,Plant Life,植物的蒸腾作用,CONCEPTUAL,13,15,第四学段(7~9年级),了解蒸腾作用的过程（水分以气体状态从叶片散失），理解蒸腾作用对植物和环境的意义。,能说出蒸腾作用的主要器官是叶；能说明气孔在蒸腾中的作用；能解释蒸腾作用的意义,让 {{name}} 解释夏天树荫下比较凉爽与什么作用有关（蒸腾作用）。,moe-2022-bio:S4.PL.02,G-JH-BIO-04,cn_only
mtc_312,生物学,Biology,人体生理与健康,Human Physiology,食物中的营养物质,CONCEPTUAL,12,14,第四学段(7~9年级),了解食物中的六大营养物质（糖类脂肪蛋白质水无机盐维生素）及其主要作用和食物来源。,能说出六大营养物质的名称和作用；能说出各营养物质的主要食物来源；能判断某种食物主要含哪种营养,让 {{name}} 说出食物中含有哪些营养物质，它们各有什么作用。,moe-2022-bio:S4.HH.01,G-JH-BIO-05,upstream_adapt
mtc_313,生物学,Biology,人体生理与健康,Human Physiology,消化系统的组成与吸收,CONCEPTUAL,12,15,第四学段(7~9年级),了解消化系统的组成（消化道和消化腺），理解食物的消化和吸收过程，掌握小肠是吸收的主要器官。,能说出消化系统的组成；能说明淀粉蛋白质脂肪的消化过程；能解释小肠适于吸收的结构特点,让 {{name}} 说说食物在消化道里是怎样被消化吸收的，小肠为什么是吸收的主要器官。,moe-2022-bio:S4.HH.01,G-JH-BIO-05,upstream_adapt
mtc_314,生物学,Biology,人体生理与健康,Human Physiology,人体的呼吸,CONCEPTUAL,13,15,第四学段(7~9年级),了解呼吸系统的组成，理解肺通气和肺泡与血液的气体交换过程，知道呼吸全过程。,能说出呼吸系统的组成；能说明肺泡适于气体交换的特点；能描述肺泡与血液的气体交换过程,让 {{name}} 说说空气是怎样进入肺部并在肺泡完成气体交换的。,moe-2022-bio:S4.HH.02,G-JH-BIO-05,upstream_adapt
mtc_315,生物学,Biology,人体生理与健康,Human Physiology,血液与血管,CONCEPTUAL,13,15,第四学段(7~9年级),了解血液的成分（血浆和三种血细胞）和功能，认识动脉静脉毛细血管的结构和功能特点。,能说出血液的成分和功能；能区分三种血细胞的形态和功能；能比较三种血管的结构特点,让 {{name}} 说说血液由哪些成分组成，红细胞和白细胞各有什么功能。,moe-2022-bio:S4.HH.02,G-JH-BIO-05,cn_only
mtc_316,生物学,Biology,人体生理与健康,Human Physiology,血液循环,CONCEPTUAL,13,15,第四学段(7~9年级),理解体循环和肺循环的途径，掌握血液在循环过程中成分的变化（动脉血静脉血的转换）。,能说出体循环和肺循环的途径；能说明血液成分在循环中如何变化；能说出心脏四腔和瓣膜的作用,让 {{name}} 说说吸入的氧气是怎样到达身体各处细胞的（血液循环途径）。,moe-2022-bio:S4.HH.02,G-JH-BIO-05,upstream_adapt
mtc_317,生物学,Biology,人体生理与健康,Human Physiology,人体代谢废物的排出（泌尿系统）,CONCEPTUAL,13,15,第四学段(7~9年级),了解排泄的概念和途径，理解肾脏的结构和尿液的形成过程（过滤和重吸收）。,能区分排泄和排遗；能说出肾脏的结构单位（肾单位）；能说明尿液形成的过滤和重吸收过程,让 {{name}} 说说尿液是怎样在肾脏里形成的，原尿和尿液有什么不同。,moe-2022-bio:S4.HH.02,G-JH-BIO-05,cn_only
mtc_318,生物学,Biology,人体生理与健康,Human Physiology,神经系统的组成与反射,CONCEPTUAL,14,15,第四学段(7~9年级),了解神经系统的组成（中枢神经系统和周围神经系统），理解反射弧的结构和反射的类型。,能说出神经系统的组成；能说出反射弧的五个环节；能区分非条件反射和条件反射,让 {{name}} 解释为什么手碰到烫的东西会立刻缩回来（反射弧）。,moe-2022-bio:S4.HH.03,G-JH-BIO-05,cn_only
mtc_319,生物学,Biology,人体生理与健康,Human Physiology,人体的激素调节,CONCEPTUAL,14,15,第四学段(7~9年级),了解人体主要内分泌腺及其分泌的激素，理解生长激素甲状腺激素胰岛素等的调节作用。,能说出几种主要激素及其作用；能说明激素分泌异常引起的疾病；能比较神经调节和激素调节,让 {{name}} 说说胰岛素有什么作用，糖尿病和哪种激素有关。,moe-2022-bio:S4.HH.03,G-JH-BIO-05,cn_only
mtc_320,生物学,Biology,人体生理与健康,Human Physiology,人体的免疫防线,CONCEPTUAL,14,15,第四学段(7~9年级),理解人体三道免疫防线的作用，区分非特异性免疫和特异性免疫，了解计划免疫的意义。,能说出三道免疫防线；能区分非特异性免疫和特异性免疫；能说明接种疫苗属于哪种免疫及其原理,让 {{name}} 说说接种疫苗为什么能预防传染病，属于哪道免疫防线。,moe-2022-bio:S4.HH.03,G-JH-BIO-05,cn_only
mtc_321,生物学,Biology,遗传与进化,Heredity & Evolution,基因控制生物的性状,CONCEPTUAL,13,15,第四学段(7~9年级),理解生物的性状由基因控制，能区分遗传和变异，了解相对性状的概念。,能说出遗传和变异的概念；能举出生物性状和相对性状的例子；能说明性状是由基因控制的,让 {{name}} 举几个自己身上像父母的性状，说说这是遗传还是变异。,moe-2022-bio:S4.HE.01,G-JH-BIO-06,upstream_adapt
mtc_322,生物学,Biology,遗传与进化,Heredity & Evolution,基因在亲子代间的传递,CONCEPTUAL,13,15,第四学段(7~9年级),了解基因DNA和染色体的关系，理解生殖过程中染色体的变化和基因的传递规律。,能说出基因DNA染色体的关系；能说明体细胞中染色体成对基因成对；能说明生殖细胞中染色体减半,让 {{name}} 说明基因、DNA、染色体之间是什么关系，它们怎样从亲代传给子代。,moe-2022-bio:S4.HE.01,G-JH-BIO-06,upstream_adapt
mtc_323,生物学,Biology,遗传与进化,Heredity & Evolution,显性基因与隐性基因的遗传规律,CONCEPTUAL,13,15,第四学段(7~9年级),理解显性基因和隐性基因的遗传规律，能用遗传图解判断后代的基因组成和性状表现。,能区分显性性状和隐性性状；能画出遗传图解判断后代性状表现；能解释近亲结婚的危害,让 {{name}} 用遗传图解分析一对双眼皮（显性）夫妇为什么可能生出单眼皮孩子。,moe-2022-bio:S4.HE.01,G-JH-BIO-06,cn_only
mtc_324,生物学,Biology,遗传与进化,Heredity & Evolution,人的性别遗传与遗传病,CONCEPTUAL,13,15,第四学段(7~9年级),了解人的性别决定（性染色体XY），认识常见的遗传病和禁止近亲结婚的意义。,能说出人的性染色体组成；能说明男女性别比例约为1比1的原因；能说出近亲结婚的危害,让 {{name}} 说说生男生女是由什么决定的，为什么男女比例约为1比1。,moe-2022-bio:S4.HE.01,G-JH-BIO-06,cn_only
mtc_325,生物学,Biology,遗传与进化,Heredity & Evolution,生物的变异,CONCEPTUAL,13,15,第四学段(7~9年级),了解变异的普遍性和类型，能区分可遗传变异和不可遗传变异，理解变异在生物进化中的意义。,能区分可遗传和不可遗传的变异；能说出变异的原因；能举例说明变异在育种中的应用,让 {{name}} 判断太空育种得到的变异是可遗传的还是不可遗传的，说明理由。,moe-2022-bio:S4.HE.02,G-JH-BIO-06,upstream_adapt
mtc_326,生物学,Biology,遗传与进化,Heredity & Evolution,生物的进化,CONCEPTUAL,13,15,第四学段(7~9年级),了解生命起源和生物进化的主要历程，理解达尔文自然选择学说的基本观点。,能说出生物进化的总体趋势；能说出自然选择学说的基本观点；能用自然选择解释生物的适应性,让 {{name}} 用自然选择学说解释为什么长颈鹿的脖子越来越长。,moe-2022-bio:S4.HE.02,G-JH-BIO-06,upstream_adapt
mtc_327,历史,History,中国古代史,Ancient Chinese History,早期人类与中华文明的起源,CONCEPTUAL,12,13,第四学段(7~9年级),了解元谋人北京人等早期人类和半坡河姆渡等原始农耕文化，认识中华文明起源的多源性。,能说出几个旧石器时代和新石器时代的代表人类；能说明北京人使用火的意义；能说出半坡河姆渡的农耕特点,让 {{name}} 说说北京人和半坡人、河姆渡人各是怎样生活的。,moe-2022-history:S4.AC.01,G-JH-HIST-01,cn_only
mtc_328,历史,History,中国古代史,Ancient Chinese History,夏商周的更替与分封制,CONCEPTUAL,12,13,第四学段(7~9年级),了解夏商周三代的更替，认识分封制和宗法制的内容和作用，理解早期国家的特征。,能说出夏商周的建立者和更替顺序；能说明分封制的内容和作用；能理解禅让制到世袭制的转变,让 {{name}} 说说分封制是怎么回事，它对西周统治起了什么作用。,moe-2022-history:S4.AC.01,G-JH-HIST-01,cn_only
mtc_329,历史,History,中国古代史,Ancient Chinese History,青铜器与甲骨文,CONCEPTUAL,12,14,第四学段(7~9年级),了解商周时期青铜器的高超工艺和甲骨文的意义，认识这是中华文明的重要标志。,能说出司母戊鼎等代表青铜器；能说明甲骨文的地位和价值；能理解青铜文明的特点,让 {{name}} 说说甲骨文的发现有什么重要意义，举一个青铜器的例子。,moe-2022-history:S4.AC.01,G-JH-HIST-01,cn_only
mtc_330,历史,History,中国古代史,Ancient Chinese History,春秋战国时期的社会变革,CONCEPTUAL,12,13,第四学段(7~9年级),了解春秋战国的诸侯争霸和商鞅变法，认识社会大变革促进了民族交融和思想繁荣。,能说出春秋战国争霸的主要史实；能说明商鞅变法的内容和作用；能理解变法使秦国强大,让 {{name}} 说说商鞅变法有哪些主要措施，为什么能使秦国强大。,moe-2022-history:S4.AC.01,G-JH-HIST-01,cn_only
mtc_331,历史,History,中国古代史,Ancient Chinese History,百家争鸣,CONCEPTUAL,12,14,第四学段(7~9年级),了解春秋战国时期儒家道家法家墨家等学派的主要思想，理解百家争鸣的历史意义。,能说出几个主要学派和代表人物；能说出孔子老子等人的主要主张；能理解百家争鸣的影响,让 {{name}} 说说孔子和老子各有什么主要思想，百家争鸣有什么意义。,moe-2022-history:S4.AC.01,G-JH-HIST-01,cn_only
mtc_332,历史,History,中国古代史,Ancient Chinese History,秦的统一与巩固统一的措施,CONCEPTUAL,12,14,第四学段(7~9年级),了解秦灭六国统一全国的过程，掌握秦始皇巩固统一的措施（统一度量衡文字货币、建立中央集权）。,能说出秦统一的意义；能说出秦始皇巩固统一的各项措施；能说明中央集权制度的特点,让 {{name}} 说说秦始皇采取了哪些措施巩固统一，这些措施有什么作用。,moe-2022-history:S4.AC.02,G-JH-HIST-01,cn_only
mtc_333,历史,History,中国古代史,Ancient Chinese History,西汉的建立与汉武帝的大一统,CONCEPTUAL,12,14,第四学段(7~9年级),了解西汉的建立和文景之治，掌握汉武帝在政治经济思想文化上实现大一统的措施。,能说出西汉的建立过程；能说出汉武帝大一统的各项措施；能理解大一统的历史意义,让 {{name}} 说说汉武帝是怎样实现大一统的，在政治和思想上分别采取了什么措施。,moe-2022-history:S4.AC.02,G-JH-HIST-01,cn_only
mtc_334,历史,History,中国古代史,Ancient Chinese History,丝绸之路的开辟,CONCEPTUAL,12,14,第四学段(7~9年级),了解张骞出使西域和丝绸之路的开辟，认识丝绸之路在中外经济文化交流中的作用。,能说出张骞出使西域的经过；能说明丝绸之路的路线和意义；能理解丝绸之路促进了中外交流,让 {{name}} 说说丝绸之路是怎样开辟的，它有什么重要意义。,moe-2022-history:S4.AC.02,G-JH-HIST-01,cn_only
mtc_335,历史,History,中国古代史,Ancient Chinese History,三国两晋南北朝的政权分立与民族交融,CONCEPTUAL,12,14,第四学段(7~9年级),了解三国鼎立和两晋南北朝的政权更替，理解北魏孝文帝改革促进民族交融的意义。,能说出三国鼎立的局面；能说明北魏孝文帝改革的措施；能理解民族交融对统一的作用,让 {{name}} 说说北魏孝文帝改革有哪些措施，对民族交融有什么作用。,moe-2022-history:S4.AC.02,G-JH-HIST-01,cn_only
mtc_336,历史,History,中国古代史,Ancient Chinese History,隋朝的统一与大运河,CONCEPTUAL,12,14,第四学段(7~9年级),了解隋朝的统一和科举制的创立，掌握大运河的开凿及其历史意义。,能说出隋朝统一的意义；能说明科举制创立的作用；能评价大运河的开凿,让 {{name}} 说说大运河的中心和南北端点在哪里，它的开凿有什么利和弊。,moe-2022-history:S4.AC.03,G-JH-HIST-01,cn_only
mtc_337,历史,History,中国古代史,Ancient Chinese History,唐朝的繁荣与开放,CONCEPTUAL,12,14,第四学段(7~9年级),了解贞观之治和开元盛世，掌握唐朝在经济文化和对外交流上的繁荣开放特征。,能说出贞观之治开元盛世的基本史实；能举出唐朝中外交流的例子（鉴真玄奘）；能理解唐朝开放的特征,让 {{name}} 说说唐朝为什么是一个繁荣开放的时代，举几个例子。,moe-2022-history:S4.AC.03,G-JH-HIST-01,cn_only
mtc_338,历史,History,中国古代史,Ancient Chinese History,科举制度的创立与演变,CONCEPTUAL,12,14,第四学段(7~9年级),了解科举制从隋朝创立到唐朝完善的过程，理解科举制对选拔人才和社会的影响。,能说出科举制创立的过程；能说明科举制的积极作用；能理解科举制对后世的影响,让 {{name}} 说说科举制是怎样创立的，它有什么重要意义。,moe-2022-history:S4.AC.03,G-JH-HIST-01,cn_only
mtc_339,历史,History,中国古代史,Ancient Chinese History,辽宋夏金元的并立与统一,CONCEPTUAL,13,15,第四学段(7~9年级),了解辽宋夏金时期的民族政权并立，认识元朝完成统一的历史意义。,能说出澶渊之盟等民族关系的事件；能说明元朝统一的意义；能理解民族政权并立的特点,让 {{name}} 说说辽宋夏金时期是怎样并立的，元朝统一有什么重要意义。,moe-2022-history:S4.AC.04,G-JH-HIST-01,cn_only
mtc_340,历史,History,中国古代史,Ancient Chinese History,宋代的经济繁荣与经济重心南移,CONCEPTUAL,13,15,第四学段(7~9年级),了解宋代农业手工业商业的发展和交子的出现，理解经济重心南移的过程和原因。,能说出宋代经济发展的表现；能说明交子出现的意义；能解释经济重心南移的原因,让 {{name}} 说说宋代商业繁荣的表现，经济重心是何时完成南移的。,moe-2022-history:S4.AC.04,G-JH-HIST-01,cn_only
mtc_341,历史,History,中国古代史,Ancient Chinese History,元朝的统治与行省制度,CONCEPTUAL,13,15,第四学段(7~9年级),了解元朝的统一和疆域，掌握行省制度和元朝对边疆地区（台湾西藏）的管理。,能说出元朝统一的过程；能说明行省制度的内容和作用；能说明元朝对台湾和西藏的管辖,让 {{name}} 说说元朝的行省制度是怎么回事，它对后世有什么影响。,moe-2022-history:S4.AC.04,G-JH-HIST-01,cn_only
mtc_342,历史,History,中国古代史,Ancient Chinese History,明朝的统治与郑和下西洋,CONCEPTUAL,13,15,第四学段(7~9年级),了解明朝的建立和君主专制的强化，掌握郑和下西洋的壮举及其意义。,能说明明朝废除丞相强化君权的措施；能说出郑和下西洋的概况；能评价郑和下西洋的意义,让 {{name}} 说说郑和下西洋最远到达哪里，有什么历史意义。,moe-2022-history:S4.AC.04,G-JH-HIST-01,cn_only
mtc_343,历史,History,中国古代史,Ancient Chinese History,清朝君主专制的强化与统一多民族国家的巩固,CONCEPTUAL,13,15,第四学段(7~9年级),了解清朝设立军机处强化君主专制，掌握清朝抗击外来侵略（郑成功收复台湾雅克萨之战）和巩固边疆的措施。,能说明军机处设立的标志意义；能说出郑成功收复台湾的史实；能说出清朝巩固西北边疆的措施,让 {{name}} 说说清朝是怎样巩固统一多民族国家的，举几个抗击外来侵略的例子。,moe-2022-history:S4.AC.04,G-JH-HIST-01,cn_only
mtc_344,历史,History,中国近代史,Modern Chinese History,鸦片战争与《南京条约》,CONCEPTUAL,12,14,第四学段(7~9年级),了解鸦片战争的原因和经过，理解《南京条约》的内容和中国开始沦为半殖民地半封建社会。,能说出鸦片战争的原因；能说出《南京条约》的主要内容；能说明鸦片战争是中国近代史的开端,让 {{name}} 说说《南京条约》有哪些内容，为什么说鸦片战争是中国近代史的开端。,moe-2022-history:S4.MC.01,G-JH-HIST-02,cn_only
mtc_345,历史,History,中国近代史,Modern Chinese History,第二次鸦片战争与太平天国运动,CONCEPTUAL,12,14,第四学段(7~9年级),了解第二次鸦片战争的危害和太平天国运动反抗侵略的斗争。,能说出第二次鸦片战争中列强的罪行（火烧圆明园）；能说明太平天国运动的意义；能理解人民反抗侵略的精神,让 {{name}} 说说英法联军火烧圆明园的史实，太平天国运动有什么意义。,moe-2022-history:S4.MC.01,G-JH-HIST-02,cn_only
mtc_346,历史,History,中国近代史,Modern Chinese History,洋务运动,CONCEPTUAL,13,15,第四学段(7~9年级),了解洋务运动的背景、内容和代表人物，评价洋务运动在中国近代化探索中的地位和局限。,能说出洋务运动的主要代表人物；能说明洋务运动的主要内容（军事民用工业新式海陆军）；能评价洋务运动的作用和局限,让 {{name}} 说说洋务运动办了哪些企业，它对中国近代化有什么作用和局限。,moe-2022-history:S4.MC.02,G-JH-HIST-02,cn_only
mtc_347,历史,History,中国近代史,Modern Chinese History,甲午中日战争与戊戌变法,CONCEPTUAL,13,15,第四学段(7~9年级),了解甲午中日战争和《马关条约》的影响，认识戊戌变法的探索及其失败原因。,能说出《马关条约》的内容和影响；能说明戊戌变法的主要内容；能理解变法失败的原因,让 {{name}} 说说《马关条约》对中国社会产生了什么影响，戊戌变法为什么会失败。,moe-2022-history:S4.MC.01,G-JH-HIST-02,cn_only
mtc_348,历史,History,中国近代史,Modern Chinese History,辛亥革命与中华民国的建立,CONCEPTUAL,13,15,第四学段(7~9年级),了解辛亥革命的过程，理解推翻帝制建立民国的历史意义，认识孙中山的贡献。,能说出辛亥革命的主要过程；能说明中华民国成立的意义；能理解辛亥革命推翻了封建帝制,让 {{name}} 说说辛亥革命有什么伟大意义，它推翻了什么建立了什么。,moe-2022-history:S4.MC.02,G-JH-HIST-02,cn_only
mtc_349,历史,History,中国近代史,Modern Chinese History,新文化运动,CONCEPTUAL,13,15,第四学段(7~9年级),了解新文化运动的背景、代表人物和主要内容，理解它对思想解放的意义。,能说出新文化运动的代表人物和阵地；能说明新文化运动的主要内容（民主与科学）；能理解它的历史意义,让 {{name}} 说说新文化运动提倡什么反对什么，它有什么意义。,moe-2022-history:S4.MC.02,G-JH-HIST-02,cn_only
mtc_350,历史,History,中国近代史,Modern Chinese History,五四运动与中国共产党的成立,CONCEPTUAL,13,15,第四学段(7~9年级),了解五四运动的经过和历史意义，理解中国共产党成立是开天辟地的大事变。,能说出五四运动的口号和意义；能说明中国共产党成立的历史条件；能理解中共成立的意义,让 {{name}} 说说为什么说五四运动是新民主主义革命的开端。,moe-2022-history:S4.MC.03,G-JH-HIST-02,cn_only
mtc_351,历史,History,中国近代史,Modern Chinese History,北伐战争与国民革命的失败,CONCEPTUAL,13,15,第四学段(7~9年级),了解国共第一次合作和北伐战争的成果，认识国民革命失败的原因。,能说出北伐战争的主要对象和成果；能说明国共合作的意义；能理解国民革命失败的原因,让 {{name}} 说说北伐战争取得了哪些成果，国民革命为什么失败。,moe-2022-history:S4.MC.03,G-JH-HIST-02,cn_only
mtc_352,历史,History,中国近代史,Modern Chinese History,中国工农红军长征,CONCEPTUAL,13,15,第四学段(7~9年级),了解红军长征的原因和主要经过，理解长征精神和遵义会议的意义。,能说出长征的原因和主要经过；能说明遵义会议的内容和意义；能理解长征胜利的意义,让 {{name}} 说说遵义会议有什么重要意义，红军长征体现了什么精神。,moe-2022-history:S4.MC.03,G-JH-HIST-02,cn_only
mtc_353,历史,History,中国近代史,Modern Chinese History,抗日战争,CONCEPTUAL,13,15,第四学段(7~9年级),了解日本侵华的主要史实和中国人民全民族抗战的历程，理解抗日战争胜利的意义。,能说出九一八事变和七七事变；能说明全民族抗战的表现；能理解抗日战争胜利的意义,让 {{name}} 说说中国人民是怎样取得抗日战争胜利的，这场胜利有什么意义。,moe-2022-history:S4.MC.03,G-JH-HIST-02,cn_only
mtc_354,历史,History,中国近代史,Modern Chinese History,人民解放战争的胜利,CONCEPTUAL,13,15,第四学段(7~9年级),了解重庆谈判和解放战争的历程，理解新民主主义革命胜利的意义。,能说出解放战争的主要战役（辽沈淮海平津）；能说明中国共产党胜利的原因；能理解新民主主义革命胜利的意义,让 {{name}} 说说三大战役有什么作用，新民主主义革命胜利有什么意义。,moe-2022-history:S4.MC.03,G-JH-HIST-02,cn_only
mtc_355,历史,History,中国现代史,Contemporary Chinese History,中华人民共和国的成立,CONCEPTUAL,13,15,第四学段(7~9年级),了解新中国成立的历史条件和开国大典，理解新中国成立的历史意义。,能说出新中国成立的时间和标志；能说明新中国成立的历史意义；能理解中国结束了半殖民地半封建社会,让 {{name}} 说说新中国成立有什么伟大的历史意义。,moe-2022-history:S4.CC.01,G-JH-HIST-03,cn_only
mtc_356,历史,History,中国现代史,Contemporary Chinese History,社会主义制度的建立与一五计划,CONCEPTUAL,13,15,第四学段(7~9年级),了解一五计划的基本任务和成就，理解三大改造完成标志着社会主义制度基本建立。,能说出一五计划的主要成就；能说明三大改造的内容和意义；能理解社会主义制度建立的标志,让 {{name}} 说说一五计划取得了哪些成就，三大改造完成有什么意义。,moe-2022-history:S4.CC.01,G-JH-HIST-03,cn_only
mtc_357,历史,History,中国现代史,Contemporary Chinese History,探索建设社会主义的道路,CONCEPTUAL,13,15,第四学段(7~9年级),了解全面建设社会主义时期的探索成就和曲折，理解建设社会主义的艰辛历程。,能说出探索时期的主要成就（两弹一星）；能说明探索中出现的曲折及原因；能理解建设的艰辛,让 {{name}} 说说全面建设社会主义时期取得了哪些成就，探索中出现了哪些曲折。,moe-2022-history:S4.CC.01,G-JH-HIST-03,cn_only
mtc_358,历史,History,中国现代史,Contemporary Chinese History,改革开放,CONCEPTUAL,13,15,第四学段(7~9年级),了解十一届三中全会的内容和意义，掌握农村和城市改革及对外开放格局的形成。,能说出十一届三中全会的内容和意义；能说明农村家庭联产承包责任制；能说明经济特区的设立和对外开放格局,让 {{name}} 说说为什么说十一届三中全会是伟大的历史转折，改革开放取得了哪些成就。,moe-2022-history:S4.CC.02,G-JH-HIST-03,cn_only
mtc_359,历史,History,世界古代史与近代史,World History,古代亚非文明,CONCEPTUAL,12,14,第四学段(7~9年级),了解古埃及古巴比伦古印度和古代中国等大河流域的古代文明及其代表成果。,能说出几个古代亚非文明发源地；能说出金字塔汉谟拉比法典等代表成果；能理解大河流域与文明的关系,让 {{name}} 说说古代亚非有几个主要文明，各有什么代表成果。,moe-2022-history:S4.WA.01,G-JH-HIST-04,upstream_adapt
mtc_360,历史,History,世界古代史与近代史,World History,古希腊罗马文明,CONCEPTUAL,12,14,第四学段(7~9年级),了解古希腊的民主政治和古罗马的法律贡献，认识西方文明的渊源。,能说出古希腊雅典民主政治的特点；能说明罗马法的发展；能理解希腊罗马对西方文明的贡献,让 {{name}} 说说古希腊雅典的民主政治有什么特点，古罗马的法律有什么贡献。,moe-2022-history:S4.WA.01,G-JH-HIST-04,upstream_adapt
mtc_361,历史,History,世界古代史与近代史,World History,西欧封建社会与中古世界,CONCEPTUAL,12,14,第四学段(7~9年级),了解中世纪西欧的封建等级制度和庄园经济，认识拜占庭和阿拉伯等文明在中古世界的地位。,能说出西欧封建等级制度的特点；能说明庄园经济的特点；能了解拜占庭和阿拉伯文明,让 {{name}} 说说中世纪西欧的封建社会有什么特点，庄园是怎样经营的。,moe-2022-history:S4.WA.01,G-JH-HIST-04,cn_only
mtc_362,历史,History,世界近代史,World History,新航路开辟与文艺复兴,CONCEPTUAL,13,15,第四学段(7~9年级),了解新航路开辟的过程和文艺复兴运动，认识这两件事对世界从分散走向整体的作用。,能说出几位新航路开辟的航海家；能说明文艺复兴的核心思想；能理解新航路开辟的影响,让 {{name}} 说说新航路开辟有哪些航海家，它对世界有什么影响。,moe-2022-history:S4.WM.01,G-JH-HIST-04,cn_only
mtc_363,历史,History,世界近代史,World History,英国资产阶级革命与资本主义制度的确立,CONCEPTUAL,13,15,第四学段(7~9年级),了解英国资产阶级革命和《权利法案》，认识资本主义制度的确立过程及其意义。,能说出英国资产阶级革命的过程；能说明《权利法案》的意义；能理解君主立宪制的建立,让 {{name}} 说说英国《权利法案》有什么意义，它建立了什么制度。,moe-2022-history:S4.WM.01,G-JH-HIST-04,cn_only
mtc_364,历史,History,世界近代史,World History,第一次工业革命,CONCEPTUAL,13,15,第四学段(7~9年级),了解第一次工业革命的重大发明（蒸汽机）和影响，理解它怎样改变了世界面貌。,能说出工业革命中的重大发明（瓦特蒸汽机）；能说明蒸汽时代的特点；能理解工业革命对社会的影响,让 {{name}} 说说第一次工业革命有哪些重要发明，它是怎样改变世界的。,moe-2022-history:S4.WM.01,G-JH-HIST-04,cn_only
mtc_365,历史,History,世界近代史,World History,马克思主义的诞生与巴黎公社,CONCEPTUAL,13,15,第四学段(7~9年级),了解《共产党宣言》的发表和马克思主义诞生的意义，了解巴黎公社的实践。,能说出马克思主义诞生的标志；能说明《共产党宣言》的意义；能了解巴黎公社的地位,让 {{name}} 说说马克思主义是怎样诞生的，它有什么意义。,moe-2022-history:S4.WM.01,G-JH-HIST-04,cn_only
mtc_366,历史,History,世界近代史,World History,第二次工业革命,CONCEPTUAL,13,15,第四学段(7~9年级),了解第二次工业革命中电力和内燃机的广泛应用，理解它对世界经济和政治格局的影响。,能说出第二次工业革命的主要领域（电力内燃机）；能说明电气时代的特点；能理解第二次工业革命的影响,让 {{name}} 说说第二次工业革命和第一次有什么不同，它怎样改变了世界。,moe-2022-history:S4.WM.01,G-JH-HIST-04,cn_only
mtc_367,历史,History,世界现代史,World History,第一次世界大战,CONCEPTUAL,13,15,第四学段(7~9年级),了解第一次世界大战的爆发原因、主要经过和结果，理解战争给人类带来的灾难。,能说出第一次世界大战的导火线和交战双方；能说明战争的主要战役；能理解战争的性质和影响,让 {{name}} 说说第一次世界大战是怎样爆发的，它带来了什么后果。,moe-2022-history:S4.WM.02,G-JH-HIST-04,cn_only
mtc_368,历史,History,世界现代史,World History,十月革命与苏联社会主义建设,CONCEPTUAL,13,15,第四学段(7~9年级),了解十月革命的经过和意义，认识世界上第一个社会主义国家的建立和苏联的社会主义建设。,能说出十月革命的过程；能说明十月革命的历史意义；能了解苏联社会主义建设的主要成就,让 {{name}} 说说十月革命有什么历史意义，它建立了什么样的国家。,moe-2022-history:S4.WM.02,G-JH-HIST-04,cn_only
mtc_369,历史,History,世界现代史,World History,第二次世界大战,CONCEPTUAL,13,15,第四学段(7~9年级),了解第二次世界大战的爆发、反法西斯联盟的形成和战争的胜利，理解战争的深远影响。,能说出二战爆发和转折的关键事件；能说明世界反法西斯联盟的作用；能理解二战胜利的意义,让 {{name}} 说说第二次世界大战对世界产生了哪些深远影响。,moe-2022-history:S4.WM.02,G-JH-HIST-04,cn_only
mtc_370,历史,History,世界现代史,World History,冷战与两极格局,CONCEPTUAL,13,15,第四学段(7~9年级),了解冷战政策的出台和两极格局的形成，认识冷战对世界的影响和格局的演变。,能说出冷战开始标志（杜鲁门主义）；能说明两极格局的形成；能理解冷战的影响,让 {{name}} 说说什么是冷战，两极格局是怎样形成的。,moe-2022-history:S4.WM.02,G-JH-HIST-04,cn_only
mtc_371,地理,Geography,地球与地图,Earth & Maps,地球的形状与大小,CONCEPTUAL,12,13,第四学段(7~9年级),认识地球是一个两极稍扁赤道略鼓的不规则球体，了解地球的大小数据（平均半径表面积）。,能说出地球的形状；能说出地球的平均半径和赤道周长等数据；能举出证明地球是球体的证据,让 {{name}} 说说人类是怎样认识到地球是球形的，举几个证据。,moe-2022-geo:S4.EM.01,G-JH-GEO-01,cn_only
mtc_372,地理,Geography,地球与地图,Earth & Maps,经线与纬线,CONCEPTUAL,12,13,第四学段(7~9年级),理解经线和纬线的概念、形状、长度和指示方向，掌握赤道和本初子午线的特殊意义。,能区分经线和纬线的形状和指示方向；能说出赤道和本初子午线的意义；能比较经纬线长度的变化规律,给 {{name}} 一个地球仪，请他指认经线和纬线并说出它们的特点。,moe-2022-geo:S4.EM.01,G-JH-GEO-01,cn_only
mtc_373,地理,Geography,地球与地图,Earth & Maps,经度与纬度,CONCEPTUAL,12,14,第四学段(7~9年级),理解经度和纬度的划分方法，掌握东西半球和南北半球的划分界线。,能区分东经西经和南纬北纬；能说出南北半球和东西半球的划分界线；能判断某点位于哪个半球,给 {{name}} 一组经纬度，请他判断该点位于东西半球和南北半球的哪一边。,moe-2022-geo:S4.EM.01,G-JH-GEO-01,cn_only
mtc_374,地理,Geography,地球与地图,Earth & Maps,利用经纬网定位,PROCEDURAL,12,14,第四学段(7~9年级),能利用经纬网确定地球表面某点的位置，也能根据经纬度在地球仪或地图上找到对应位置。,能用经纬网确定某地的经纬度位置；能根据经纬度找到对应位置；能比较两地的相对位置（东南西北）,给 {{name}} 一组经纬度，请他在地球仪上找出对应的位置。,moe-2022-geo:S4.EM.01,G-JH-GEO-01,cn_only
mtc_375,地理,Geography,地球与地图,Earth & Maps,地球的自转与昼夜交替,CONCEPTUAL,12,13,第四学段(7~9年级),理解地球自转的方向和周期，能解释昼夜交替和时间差异的形成原因。,能说出地球自转的方向和周期；能解释昼夜交替的原因；能说明自转产生的时间差异,让 {{name}} 解释为什么会有昼夜交替的现象，它跟地球什么运动有关。,moe-2022-geo:S4.EM.02,G-JH-GEO-01,cn_only
mtc_376,地理,Geography,地球与地图,Earth & Maps,地球的公转与四季变化,CONCEPTUAL,12,14,第四学段(7~9年级),理解地球公转的方向周期和地轴倾斜特点，能解释四季变化和昼夜长短变化的原因。,能说出地球公转的方向和周期；能解释四季变化的原因；能说明昼夜长短随季节的变化,让 {{name}} 解释为什么会有春夏秋冬四季变化，它跟地球公转有什么关系。,moe-2022-geo:S4.EM.02,G-JH-GEO-01,cn_only
mtc_377,地理,Geography,地球与地图,Earth & Maps,五带的划分,CONCEPTUAL,12,14,第四学段(7~9年级),理解地球公转产生五带（热带北温带南温带北寒带南寒带），掌握五带的分界线和特点。,能说出五带的名称和分界线；能说明各带接受阳光照射的特点；能用五带知识解释气候差异,让 {{name}} 说说地球分为哪五带，热带和温带在阳光照射上有什么不同。,moe-2022-geo:S4.EM.02,G-JH-GEO-01,cn_only
mtc_378,地理,Geography,地球与地图,Earth & Maps,地图三要素与比例尺,PROCEDURAL,12,13,第四学段(7~9年级),掌握地图的三要素（比例尺方向图例），能运用比例尺量算距离，能根据需要选择合适的地图。,能说出地图的三要素；能运用比例尺量算实际距离；能根据不同目的选择合适的地图,给 {{name}} 一张地图，请他量算两地的实际距离并说出比例尺的含义。,moe-2022-geo:S4.EM.03,G-JH-GEO-01,cn_only
mtc_379,地理,Geography,地球与地图,Earth & Maps,等高线地形图的判读,PROCEDURAL,12,14,第四学段(7~9年级),能在等高线地形图上识别山峰山脊山谷陡崖鞍部等地形部位，能判断坡度的陡缓和海拔高度。,能在等高线图上识别山峰山脊山谷陡崖；能根据等高线疏密判断坡度陡缓；能读出某点的海拔高度,给 {{name}} 一张等高线地形图，请他指出山峰、山脊和山谷，判断哪边坡陡。,moe-2022-geo:S4.EM.03,G-JH-GEO-01,cn_only
mtc_380,地理,Geography,世界地理,World Geography,世界的海陆分布与大洲大洋,CONCEPTUAL,12,14,第四学段(7~9年级),了解七大洲和四大洋的位置分布和基本特点，掌握大洲之间的分界线。,能说出七大洲四大洋的名称和位置；能说出大洲之间的分界线（如亚欧分界线）；能在地图上填注大洲大洋,让 {{name}} 在世界地图上指出七大洲四大洋，并说说亚洲和欧洲的分界线在哪。,moe-2022-geo:S4.WG.01,G-JH-GEO-02,cn_only
mtc_381,地理,Geography,世界地理,World Geography,海陆变迁与板块构造学说,CONCEPTUAL,12,14,第四学段(7~9年级),了解海陆变迁的证据，理解板块构造学说的基本观点，能用它解释火山地震和山脉的形成。,能举出海陆变迁的证据（如喜马拉雅山有海洋化石）；能说出六大板块的名称；能用板块学说解释地震和造山运动,让 {{name}} 用板块构造学说解释喜马拉雅山是怎样形成的。,moe-2022-geo:S4.WG.01,G-JH-GEO-02,cn_only
mtc_382,地理,Geography,世界地理,World Geography,世界的气温与降水,CONCEPTUAL,12,14,第四学段(7~9年级),理解世界气温和降水的分布规律，能读懂气温曲线图和降水量柱状图，分析影响气温降水的因素。,能说出世界气温的分布规律（纬度因素）；能读气温降水图；能说明纬度海陆地形对气温降水的影响,给 {{name}} 一地的气温降水图，请他说出该地气温和降水的季节变化特点。,moe-2022-geo:S4.WG.02,G-JH-GEO-02,cn_only
mtc_383,地理,Geography,世界地理,World Geography,世界的主要气候类型,CONCEPTUAL,13,15,第四学段(7~9年级),认识世界主要气候类型（热带温带寒带和高山高原气候）的特点和分布规律，能根据气温降水数据判断气候类型。,能说出几种主要气候类型的特点；能根据气温降水数据判断气候类型；能说明气候对生产生活的影响,给 {{name}} 一地的气温降水数据，请他判断属于什么气候类型并说出特点。,moe-2022-geo:S4.WG.02,G-JH-GEO-02,cn_only
mtc_384,地理,Geography,世界地理,World Geography,影响气候的主要因素,CONCEPTUAL,13,15,第四学段(7~9年级),理解纬度位置海陆位置和地形是影响气候的主要因素，能综合分析某地气候的成因。,能说明纬度对气温的影响；能说明海陆位置对降水的影响；能说明地形对气候的影响,让 {{name}} 分析为什么青藏高原夏季气温比同纬度地区低。,moe-2022-geo:S4.WG.02,G-JH-GEO-02,cn_only
mtc_385,地理,Geography,世界地理,World Geography,世界的居民与人种语言宗教,CONCEPTUAL,13,15,第四学段(7~9年级),了解世界三大人种的分布特点，掌握联合国的工作语言和世界三大宗教及其分布。,能说出三大人种的分布特点；能说出联合国的工作语言；能说出世界三大宗教及主要分布区,让 {{name}} 说说世界上有哪三大人种和三大宗教，它们主要分布在哪些地区。,moe-2022-geo:S4.WG.02,G-JH-GEO-02,cn_only
mtc_386,地理,Geography,世界地理,World Geography,世界的人口问题,CONCEPTUAL,13,15,第四学段(7~9年级),了解世界人口的增长和分布特点，理解人口过多过少带来的问题，树立人口可持续发展的意识。,能说出世界人口分布的特点；能说明人口过多带来的问题；能理解人口问题对资源和环境的影响,让 {{name}} 说说世界人口增长过快会带来哪些问题，应该怎样应对。,moe-2022-geo:S4.WG.02,G-JH-GEO-02,cn_only
mtc_387,地理,Geography,世界地理,World Geography,认识东南亚,CONCEPTUAL,13,15,第四学段(7~9年级),运用地图和资料认识东南亚的地理位置（十字路口）、地形气候和人文特征（华人华侨集中）。,能说出东南亚的地理位置特点（马六甲海峡）；能说明东南亚的热带气候和农作物；能举出东南亚的旅游特色,让 {{name}} 说说东南亚的位置有什么重要性，盛产哪些热带作物。,moe-2022-geo:S4.WG.03,G-JH-GEO-02,cn_only
mtc_388,地理,Geography,世界地理,World Geography,认识中东,CONCEPTUAL,13,15,第四学段(7~9年级),运用地图和资料认识中东的地理位置（两洋三洲五海之地）、石油资源和缺水等特征。,能说出中东的地理位置特点；能说明中东石油的分布和出口；能解释中东水资源匮乏的原因,让 {{name}} 说说中东为什么是世界的焦点，它的石油主要出口到哪里。,moe-2022-geo:S4.WG.03,G-JH-GEO-02,cn_only
mtc_389,地理,Geography,世界地理,World Geography,认识欧洲西部,CONCEPTUAL,13,15,第四学段(7~9年级),运用地图和资料认识欧洲西部的位置、经济发达的特点和旅游业。,能说出欧洲西部的位置和地形特点；能说明欧洲西部的气候对农业的影响；能举出欧洲西部的旅游胜地,让 {{name}} 说说欧洲西部的气候有什么特点，为什么旅游业发达。,moe-2022-geo:S4.WG.03,G-JH-GEO-02,cn_only
mtc_390,地理,Geography,世界地理,World Geography,认识日本与美国,CONCEPTUAL,13,15,第四学段(7~9年级),运用地图和资料认识日本（岛国多火山地震经济发达）和美国（移民国家农业专业化）的自然和人文特征。,能说明日本地理位置和经济特点；能说明美国农业地区专业化的特点；能比较两个国家的差异,让 {{name}} 说说日本为什么多火山地震，美国农业有什么特点。,moe-2022-geo:S4.WG.03,G-JH-GEO-02,cn_only
mtc_391,地理,Geography,中国地理,Geography of China,中国的疆域与行政区划,CONCEPTUAL,12,14,第四学段(7~9年级),了解中国的地理位置和疆域特点，认识34个省级行政区的名称简称和位置。,能说出中国的半球位置和纬度位置；能说出34个省级行政区的名称和位置；能说明中国疆域的优越性,让 {{name}} 在地图上指出北京、上海、新疆等几个省级行政区的位置并说出简称。,moe-2022-geo:S4.CG.01,G-JH-GEO-03,cn_only
mtc_392,地理,Geography,中国地理,Geography of China,中国的人口与民族,CONCEPTUAL,12,14,第四学段(7~9年级),了解中国人口的数量分布特点和人口政策，认识56个民族及大杂居小聚居的分布特点。,能说出中国人口的分布特点（黑河腾冲线）；能说明计划生育政策的意义；能说出民族分布的特点,让 {{name}} 说说中国人口分布有什么特点，民族分布有什么特点。,moe-2022-geo:S4.CG.01,G-JH-GEO-03,cn_only
mtc_393,地理,Geography,中国地理,Geography of China,中国的地形与地势,CONCEPTUAL,12,14,第四学段(7~9年级),了解中国地形复杂多样和地势西高东低呈阶梯状分布的特点，掌握主要地形区的分布。,能说出中国地势三级阶梯的特点；能说出中国的主要山脉和地形区；能说明地势对河流气候的影响,让 {{name}} 说说中国的地形和地势各有什么特点，地势对河流有什么影响。,moe-2022-geo:S4.CG.02,G-JH-GEO-03,cn_only
mtc_394,地理,Geography,中国地理,Geography of China,中国的气候,CONCEPTUAL,12,15,第四学段(7~9年级),了解中国气候复杂多样和季风气候显著的特点，理解季风对我国生产生活的影响。,能说出中国气候的主要特征；能说明季风区和非季风区的分界线；能解释季风对农业的影响,让 {{name}} 说说中国的气候有什么特点，季风对我国的农业有什么影响。,moe-2022-geo:S4.CG.02,G-JH-GEO-03,cn_only
mtc_395,地理,Geography,中国地理,Geography of China,中国的河流（长江与黄河）,CONCEPTUAL,12,15,第四学段(7~9年级),了解长江和黄河的概况和水文特征，理解它们对中华文明和经济发展的重要作用。,能说出长江黄河的发源地和注入的海洋；能说明长江的水能和航运价值；能说明黄河的治理,让 {{name}} 说说长江和黄河各发源于哪里注入哪个海洋，长江有什么水运价值。,moe-2022-geo:S4.CG.02,G-JH-GEO-03,cn_only
mtc_396,地理,Geography,中国地理,Geography of China,中国的自然资源,CONCEPTUAL,12,15,第四学段(7~9年级),了解我国自然资源总量丰富人均不足的特点，认识土地资源和水资源分布及合理利用。,能说出中国自然资源的基本特征；能说明耕地林地草地的分布；能说明水资源的分布和南水北调的意义,让 {{name}} 说说中国的水资源分布有什么特点，南水北调有什么意义。,moe-2022-geo:S4.CG.02,G-JH-GEO-03,cn_only
mtc_397,地理,Geography,中国地理,Geography of China,中国的农业与工业,CONCEPTUAL,13,15,第四学段(7~9年级),了解中国农业的地区分布和主要农作物的分布，认识工业分布特点和主要工业基地。,能说出我国农业的东西差异和南北方农作物分布；能说出主要工业基地的分布；能说明高新技术产业的作用,让 {{name}} 说说我国南北方主要种植什么农作物，有哪些主要工业基地。,moe-2022-geo:S4.CG.03,G-JH-GEO-03,cn_only
mtc_398,地理,Geography,中国地理,Geography of China,中国的交通运输业,CONCEPTUAL,13,15,第四学段(7~9年级),了解各种交通运输方式的特点，认识我国交通运输网的分布特征，能选择合适的运输方式。,能比较几种主要运输方式的特点；能说明我国铁路网的分布特点；能根据需要选择合适的运输方式,给 {{name}} 一个运输任务，请他选择合适的运输方式并说明理由。,moe-2022-geo:S4.CG.03,G-JH-GEO-03,cn_only
mtc_399,地理,Geography,中国地理,Geography of China,四大地理区域的划分,CONCEPTUAL,13,15,第四学段(7~9年级),理解四大地理区域（北方南方西北青藏）的划分依据和界线，认识各区域的自然差异。,能说出四大地理区域的名称和位置；能说明四大区域的划分界线（如秦岭淮河）；能比较各区域的自然差异,让 {{name}} 说说秦岭淮河一线是我国哪两个地理区域的分界线，它大致和什么线重合。,moe-2022-geo:S4.CG.03,G-JH-GEO-03,cn_only
mtc_400,地理,Geography,中国地理,Geography of China,认识北方地区与南方地区,CONCEPTUAL,13,15,第四学段(7~9年级),认识北方地区和南方地区在地形气候农业和生活习俗等方面的差异，理解自然对人文的影响。,能比较南北方在地形气候上的差异；能比较南北方农业和饮食的差异；能说明自然环境对人们生活的影响,让 {{name}} 比较南方地区和北方地区在自然和人文方面的差异。,moe-2022-geo:S4.CG.03,G-JH-GEO-03,cn_only
mtc_401,地理,Geography,中国地理,Geography of China,认识西北地区与青藏地区,CONCEPTUAL,13,15,第四学段(7~9年级),认识西北地区（干旱）和青藏地区（高寒）的自然环境特征及农牧业和人口分布特点。,能说明西北地区干旱的原因和特征；能说明青藏地区高寒的特征；能比较两大区域的农牧业特点,让 {{name}} 说说西北地区和青藏地区各有什么自然环境特点，农业有什么不同。,moe-2022-geo:S4.CG.03,G-JH-GEO-03,cn_only
mtc_402,语文,Chinese,阅读与鉴赏,Reading & Appreciation,说明文·说明对象与特征把握,CONCEPTUAL,12,13,第四学段(7~9年级),阅读说明性文章，能准确找出说明对象，概括说明对象的主要特征，理解文章是从哪些方面进行说明的。,能说出文章说明了什么事物或事理；能概括说明对象的主要特征；能说出文章从哪几个方面展开说明,给 {{name}} 一篇说明文，请他说出文章说明了什么、它有什么特征。,moe-2022-chinese:S4.RA.01,G-JH-ZH-01,cn_only
mtc_403,语文,Chinese,阅读与鉴赏,Reading & Appreciation,说明文·说明顺序与方法辨析,CONCEPTUAL,12,14,第四学段(7~9年级),能识别说明文的时间顺序、空间顺序和逻辑顺序，辨认常见的说明方法（列数字/举例子/作比较/打比方/分类别）并分析其作用。,能判断文章采用的说明顺序；能识别至少三种说明方法；能说出说明方法的作用,给 {{name}} 一段说明文，请他指出用了哪些说明方法，说说这些方法有什么作用。,moe-2022-chinese:S4.RA.01,G-JH-ZH-01,cn_only
mtc_404,语文,Chinese,阅读与鉴赏,Reading & Appreciation,说明文·语言准确性品味,CONCEPTUAL,12,14,第四学段(7~9年级),体会说明文语言的准确、严密，能分析限制性词语（约/左右/主要/之一）的表达效果。,能找出说明文中表准确性的关键词语；能分析删换词语前后意思的差别；能说明语言准确性的作用,给 {{name}} 一个说明文中带「约」「主要」的句子，请他分析这些词能否删去及原因。,moe-2022-chinese:S4.RA.01,G-JH-ZH-01,cn_only
mtc_405,语文,Chinese,阅读与鉴赏,Reading & Appreciation,小说·情节梳理与概括,CONCEPTUAL,12,13,第四学段(7~9年级),阅读小说，能梳理故事的开端、发展、高潮和结局，概括主要情节脉络。,能按开端发展高潮结局梳理情节；能用简洁语言概括主要情节；能找出情节的转折点,给 {{name}} 一篇小说，请他按开端、发展、高潮、结局梳理故事情节。,moe-2022-chinese:S4.RA.02,G-JH-ZH-01,cn_only
mtc_406,语文,Chinese,阅读与鉴赏,Reading & Appreciation,小说·人物形象分析,CONCEPTUAL,12,14,第四学段(7~9年级),能从人物的语言、动作、心理、神态描写中分析人物的性格特征和精神品质。,能找出描写人物的关键语句；能从言行心理分析人物性格；能用证据支撑对人物的评价,给 {{name}} 一段小说人物描写，请他分析这个人物的性格特点并说明依据。,moe-2022-chinese:S4.RA.02,G-JH-ZH-01,cn_only
mtc_407,语文,Chinese,阅读与鉴赏,Reading & Appreciation,小说·环境描写作用分析,CONCEPTUAL,13,15,第四学段(7~9年级),理解小说中自然环境和社会环境描写的作用（交代背景/渲染气氛/烘托人物/推动情节）。,能区分自然环境和人物描写的不同；能说出环境描写渲染了什么气氛；能分析环境描写对烘托人物或推动情节的作用,给 {{name}} 一段小说中的环境描写，请他说说这段描写在文中有何作用。,moe-2022-chinese:S4.RA.02,G-JH-ZH-01,cn_only
mtc_408,语文,Chinese,阅读与鉴赏,Reading & Appreciation,散文·主旨与情感把握,META,13,15,第四学段(7~9年级),阅读散文，能把握文章线索，理解作者通过记叙、描写、抒情所表达的主旨和情感。,能找出散文的行文线索；能概括文章的主旨；能说出作者表达的深层情感,给 {{name}} 一篇散文，请他说说文章的线索是什么，作者想表达怎样的情感。,moe-2022-chinese:S4.RA.04,G-JH-ZH-01,cn_only
mtc_409,语文,Chinese,阅读与鉴赏,Reading & Appreciation,议论文·中心论点提取,CONCEPTUAL,13,14,第四学段(7~9年级),阅读简单的议论文，能准确找出中心论点，区分中心论点与分论点，判断论点提出的方式。,能准确找出文章的中心论点；能区分中心论点和分论点；能说出论点出现的位置（标题/开头/中间/结尾）,给 {{name}} 一篇短议论文，请他找出文章的中心论点并说说它出现在哪里。,moe-2022-chinese:S4.RA.03,G-JH-ZH-01,cn_only
mtc_410,语文,Chinese,阅读与鉴赏,Reading & Appreciation,议论文·论据分析（事实论据与道理论据）,CONCEPTUAL,13,15,第四学段(7~9年级),能区分事实论据（具体事例/数据）和道理论据（名言/原理），分析论据与论点的关系，判断论据是否充分典型。,能区分事实论据和道理论据；能分析论据如何支撑论点；能判断论据是否充分典型,给 {{name}} 一段议论文中的论据，请他判断是事实论据还是道理论据，并说明它怎样支撑论点。,moe-2022-chinese:S4.RA.03,G-JH-ZH-01,cn_only
mtc_411,语文,Chinese,阅读与鉴赏,Reading & Appreciation,议论文·论证思路与方法分析,META,14,15,第四学段(7~9年级),能理清议论文的论证思路，画出论证结构图，判断采用的论证方法（举例论证/道理论证/对比论证/比喻论证）及作用。,能用图表表示文章的论证思路；能判断使用的论证方法；能分析论证方法的作用,给 {{name}} 一篇议论文，请他画出论证思路图，说说用了哪些论证方法。,moe-2022-chinese:S4.RA.03,G-JH-ZH-01,cn_only
mtc_412,语文,Chinese,阅读与鉴赏,Reading & Appreciation,非连续性文本·多则材料信息整合,PROCEDURAL,13,15,第四学段(7~9年级),能阅读由图表、文字、数据等组成的非连续性文本（多则材料），提取并整合关键信息解决实际问题。,能从图表和数据中提取关键信息；能整合多则材料的信息；能根据材料解决实际问题,给 {{name}} 几则关于某话题的图文材料，请他整合信息回答一个问题。,moe-2022-chinese:S4.RA.05,G-JH-ZH-01,cn_only
mtc_413,语文,Chinese,表达与交流·写作,Writing,记叙文写作·选材立意与详略安排,PROCEDURAL,12,13,第四学段(7~9年级),写记叙文能围绕中心选材，做到材料真实、中心明确、详略得当。,能围绕中心选择合适的材料；能合理安排详略；能做到中心明确材料真实,请 {{name}} 围绕「一件难忘的事」这个中心，列出三则可选材料并说明详略安排。,moe-2022-chinese:S4.EC.01,G-JH-ZH-02,cn_only
mtc_414,语文,Chinese,表达与交流·写作,Writing,记叙文写作·多种描写手法运用,PROCEDURAL,12,14,第四学段(7~9年级),能在记叙文中运用语言描写、动作描写、心理描写、外貌描写和环境描写，做到生动形象。,能在写作中运用至少三种描写手法；能用细节描写突出人物特点；能做到描写生动有感染力,请 {{name}} 写一段描写人物心理活动或动作的片段，要求生动具体。,moe-2022-chinese:S4.EC.01,G-JH-ZH-02,cn_only
mtc_415,语文,Chinese,表达与交流·写作,Writing,说明文写作·特征与说明方法,PROCEDURAL,12,14,第四学段(7~9年级),能写简单的说明文，抓住事物的特征，运用恰当的说明方法，按合理顺序说明。,能抓住事物的特征进行说明；能运用至少两种说明方法；能按合理顺序把事物说清楚,请 {{name}} 介绍一种自己熟悉的物品，用说明文写清楚它的特征和用法。,moe-2022-chinese:S4.EC.02,G-JH-ZH-02,cn_only
mtc_416,语文,Chinese,表达与交流·写作,Writing,议论文写作·观点与论据,PROCEDURAL,13,15,第四学段(7~9年级),能写简单的议论文，提出明确的观点，运用恰当的论据（事实和道理）进行论证。,能提出明确鲜明的观点；能围绕观点选择恰当论据；能使用至少两种论证方法,请 {{name}} 就「开卷是否有益」写一篇简单的议论文，做到观点明确、有理有据。,moe-2022-chinese:S4.EC.03,G-JH-ZH-02,cn_only
mtc_417,语文,Chinese,表达与交流·写作,Writing,实用文写作·常见格式与应用,PROCEDURAL,12,14,第四学段(7~9年级),掌握常见实用文体（书信/通知/倡议书/演讲稿）的格式和写法，能根据交际对象和目的调整语言。,能按正确格式写书信通知和倡议书；能写有感染力的演讲稿；能根据对象调整语言得体性,请 {{name}} 为一次班级活动写一份通知或倡议书，注意格式正确、语言得体。,moe-2022-chinese:S4.EC.04,G-JH-ZH-02,cn_only
mtc_418,语文,Chinese,表达与交流·写作,Writing,写作·语言润色与修改,META,13,15,第四学段(7~9年级),能对自己的作文进行修改润色，发现并改正语病，删去多余内容，调整语句顺序，使语言通顺简洁有表现力。,能发现作文中的语病和啰嗦之处；能删改使语言更简洁通顺；能润色使语言更有表现力,给 {{name}} 一段有语病和啰嗦的文段，请他修改通顺并说明改动理由。,moe-2022-chinese:S4.EC.05,G-JH-ZH-02,cn_only
mtc_419,语文,Chinese,表达与交流·口语交际,Oral Communication,演讲·观点明确与条理清楚,PROCEDURAL,12,14,第四学段(7~9年级),能围绕一个话题做简短演讲，做到观点明确、条理清楚，使用恰当的语气和体态语。,能围绕话题组织演讲内容；能分条理清楚地陈述观点；能运用恰当的语气和体态语,请 {{name}} 就「我的梦想」做一次3分钟的演讲，注意观点明确、条理清楚。,moe-2022-chinese:S4.EC.06,G-JH-ZH-03,cn_only
mtc_420,语文,Chinese,表达与交流·口语交际,Oral Communication,讨论与辩论·有理有据地辩驳,LANGUAGE,13,15,第四学段(7~9年级),在讨论和辩论中能围绕话题清晰表达，运用证据支持观点，能发现并反驳对方漏洞，遵守辩论礼仪。,能用证据支持自己的观点；能发现并反驳对方的逻辑漏洞；能遵守辩论礼仪尊重对手,组织一次小辩论，观察 {{name}} 能否有理有据地陈述并反驳对方。,moe-2022-chinese:S4.EC.07,G-JH-ZH-03,cn_only
mtc_421,语文,Chinese,古诗文·文言文阅读,Classical Chinese,文言文·实词含义辨析（一词多义/古今异义/词类活用）,PROCEDURAL,12,14,第四学段(7~9年级),掌握常见文言实词的一词多义、古今异义和词类活用现象，能借助注释和语境准确判断实词在句中的含义。,能说出常见实词在不同语境中的含义；能辨析古今异义词的差别；能识别并翻译词类活用,给 {{name}} 几个含「之」「走」「妻子」及词类活用的文言句子，请他解释实词在句中的意思。,moe-2022-chinese:S4.CC.01,G-JH-ZH-04,cn_only
mtc_422,语文,Chinese,古诗文·文言文阅读,Classical Chinese,文言文·常见虚词用法,LANGUAGE,12,14,第四学段(7~9年级),掌握「之」「其」「而」「以」「于」等常见文言虚词的主要用法，能在语境中辨析。,能说出常见虚词的至少两种用法；能在具体语境中判断虚词的含义或作用；能区分连词和代词等用法,给 {{name}} 几个含「之」的文言句子，请他分别说明「之」的用法。,moe-2022-chinese:S4.CC.01,G-JH-ZH-04,cn_only
mtc_423,语文,Chinese,古诗文·文言文阅读,Classical Chinese,文言文·句子翻译,PROCEDURAL,12,14,第四学段(7~9年级),能运用「留、替、调、补、删」的方法，将文言句子翻译成通顺的现代汉语，正确处理特殊句式。,能运用翻译六字法翻译句子；能处理判断句倒装句被动句等特殊句式；能翻译做到准确通顺,给 {{name}} 两句浅易文言文，请他翻译成现代汉语并说明用了什么翻译方法。,moe-2022-chinese:S4.CC.02,G-JH-ZH-04,cn_only
mtc_424,语文,Chinese,古诗文·文言文阅读,Classical Chinese,文言文·内容概括与写法鉴赏,META,13,15,第四学段(7~9年级),在疏通文意的基础上，能概括文章内容，赏析写法（借景抒情/托物言志/对比衬托），体会作者情感。,能概括文章的主要内容；能分析至少一种写法及其效果；能说出作者的思想感情,请 {{name}} 读一篇学过的文言文，分析它的写法并说说作者想表达什么。,moe-2022-chinese:S4.CC.02,G-JH-ZH-04,cn_only
mtc_425,语文,Chinese,古诗文积累,Classical Poetry,古诗文·背诵与准确默写（七八年级篇目）,LANGUAGE,12,13,第四学段(7~9年级),背诵课标推荐的七、八年级古诗文名篇（如《陋室铭》《春望》），能准确默写，不写错别字，注意标点正确。,能流利背诵推荐篇目；能准确默写不写错别字；能注意古诗文默写的标点格式,请 {{name}} 背诵《陋室铭》并默写，注意不写错别字。,moe-2022-chinese:S4.CP.01,G-JH-ZH-04,cn_only
mtc_426,语文,Chinese,古诗文积累,Classical Poetry,古诗文·背诵与准确默写（九年级篇目）,LANGUAGE,14,15,第四学段(7~9年级),背诵课标推荐的九年级古诗文名篇（如《岳阳楼记》《出师表》节选），能准确默写长篇并理解性默写。,能流利背诵长篇名篇；能准确默写长篇段落不写错别字；能完成理解性默写（据语境填名句）,请 {{name}} 背诵《岳阳楼记》中「先天下之忧而忧」一段并默写，再用「居庙堂之高」造一句。,moe-2022-chinese:S4.CP.01,G-JH-ZH-04,cn_only
mtc_427,语文,Chinese,古诗文积累,Classical Poetry,古诗文·诗意理解与运用,META,13,15,第四学段(7~9年级),理解古诗的意思和意境，能在具体语境中恰当地运用名句表达。,能用自己的话解释诗句的意思；能说出诗歌描绘的意境；能在语境中恰当地引用名句,请 {{name}} 说说「但愿人长久，千里共婵娟」的意思，并用它造一个句子。,moe-2022-chinese:S4.CP.01,G-JH-ZH-04,cn_only
mtc_428,语文,Chinese,名著阅读,Whole-book Reading,名著阅读·主要情节梳理,CONCEPTUAL,12,14,第四学段(7~9年级),完整阅读课标推荐的名著（如《西游记》《骆驼祥子》），能梳理全书的主要情节和事件。,能说出名著的主要故事情节；能按时间或事件梳理情节脉络；能说出关键事件的前因后果,请 {{name}} 说说《西游记》中孙悟空取经路上经历的几个重要事件。,moe-2022-chinese:S4.WB.01,G-JH-ZH-05,cn_only
mtc_429,语文,Chinese,名著阅读,Whole-book Reading,名著阅读·人物形象与阅读感受,META,12,14,第四学段(7~9年级),能分析名著中主要人物的性格特征，结合具体情节评价人物，形成并表达自己的阅读感受。,能分析名著主要人物的性格特点；能用具体情节支撑人物评价；能表达自己的阅读感受和思考,请 {{name}} 说说他读的名著中印象最深的人物及原因，谈谈感受。,moe-2022-chinese:S4.WB.01,G-JH-ZH-05,cn_only
mtc_430,语文,Chinese,语言文字运用,Language Fundamentals,语言基础·词汇与成语运用,LANGUAGE,12,14,第四学段(7~9年级),能正确理解和运用常用词语和成语，能辨析近义词的细微差别，在语境中准确使用。,能解释常用成语的意思；能辨析近义词的差别；能在语境中正确使用词语和成语,给 {{name}} 几个容易用错的成语（如「美轮美奂」「相敬如宾」），请他判断用法对不对。,moe-2022-chinese:S4.LF.01,G-JH-ZH-06,cn_only
mtc_431,语文,Chinese,语言文字运用,Language Fundamentals,语言基础·病句辨析与修改,PROCEDURAL,13,15,第四学段(7~9年级),能辨析并修改常见的病句（语序不当/搭配不当/成分残缺/重复啰嗦/前后矛盾），掌握修改方法。,能判断句子是否有语病；能说出病句的类型和原因；能用正确的方法修改病句,给 {{name}} 几个病句，请他判断病因并修改正确。,moe-2022-chinese:S4.LF.02,G-JH-ZH-06,cn_only
mtc_432,语文,Chinese,语言文字运用,Language Fundamentals,语言基础·标点与修辞,LANGUAGE,12,14,第四学段(7~9年级),能正确使用常见标点符号（顿号/逗号/分号/冒号/引号/破折号），能辨析和运用常见修辞手法。,能正确使用常见标点符号；能辨析比喻拟人排比等修辞手法；能说出修辞的表达效果,给 {{name}} 几个标点使用有误的句子，请他改正；再让他说说某句用了什么修辞。,moe-2022-chinese:S4.LF.03,G-JH-ZH-06,cn_only
mtc_433,语文,Chinese,综合性学习,Comprehensive Practice,综合性学习·语文实践活动,META,13,15,第四学段(7~9年级),能围绕某一主题开展语文综合性学习活动，搜集和处理信息，合作完成并展示成果。,能围绕主题搜集整理信息；能与合作者分工完成活动任务；能用语文方式展示成果,请 {{name}} 设计一个以「传统文化在身边」为主题的语文综合实践活动方案。,moe-2022-chinese:S4.CP.02,G-JH-ZH-07,cross_domain
mtc_434,道德与法治,Moral & Rule of Law,生命安全与健康教育,Life & Safety,青春期生理变化与科学认识,CONCEPTUAL,12,13,第四学段(7~9年级),正确认识青春期的身体发育和生理变化（身高体重/第二性征/月经遗精），以科学态度接纳身体成长。,能说出青春期的正常生理变化；能以科学态度看待身体发育；能破除对生理变化的误解和羞耻感,和 {{name}} 聊聊青春期身体发生的变化，引导他科学正确地看待这些变化。,moe-2022-moral:S4.LS.01,G-JH-MORAL-01,cn_only
mtc_435,道德与法治,Moral & Rule of Law,生命安全与健康教育,Life & Safety,青春期心理调适与情绪管理,META,12,14,第四学段(7~9年级),认识青春期常见的心理变化（情绪波动/逆反/敏感/异性交往困惑），学会用合理方式调适情绪、处理人际。,能识别自己青春期的情绪变化；能运用至少两种方法调适情绪；能正确处理与同学和异性的交往,和 {{name}} 聊聊他最近有没有情绪波动或人际困扰，引导他说说怎么调适。,moe-2022-moral:S4.LS.01,G-JH-MORAL-01,cn_only
mtc_436,道德与法治,Moral & Rule of Law,生命安全与健康教育,Life & Safety,自我保护·应对侵害的方法,PROCEDURAL,12,14,第四学段(7~9年级),掌握应对各种侵害（人身侵害/性侵害/诱拐）的自我保护方法，知道遇到危险时如何求助和脱身。,能识别潜在的危险信号；能掌握至少三种自我保护的求助方法；能记住紧急求助电话和途径,考考 {{name}}：如果遇到陌生人尾随或有人试图侵害他，他应该怎么办？,moe-2022-moral:S4.LS.02,G-JH-MORAL-01,cn_only
mtc_437,道德与法治,Moral & Rule of Law,生命安全与健康教育,Life & Safety,网络安全与文明交往,PROCEDURAL,12,14,第四学段(7~9年级),掌握网络安全常识，能识别网络诈骗、网络沉迷和网络不良信息，建立健康的网络交往观。,能识别常见的网络诈骗手段；能说出保护个人信息的方法；能做到安全文明地进行网络交往,考考 {{name}}：网友要求见面或者发来不明链接，他应该怎么处理？,moe-2022-moral:S4.LS.02,G-JH-MORAL-01,cn_only
mtc_438,道德与法治,Moral & Rule of Law,生命安全与健康教育,Life & Safety,防范校园欺凌,PROCEDURAL,12,14,第四学段(7~9年级),认识校园欺凌的表现和危害（肢体/言语/关系/网络欺凌），学会保护自己、帮助他人、及时报告。,能识别校园欺凌的不同表现形式；能掌握遭遇欺凌时的正确应对方法；能做到不欺凌他人并帮助被欺凌者,和 {{name}} 讨论如果看到同学被欺凌或者自己被欺负了，应该怎么做。,moe-2022-moral:S4.LS.02,G-JH-MORAL-01,cn_only
mtc_439,道德与法治,Moral & Rule of Law,法治教育,Rule of Law,宪法的地位与权威,CONCEPTUAL,13,15,第四学段(7~9年级),理解宪法是国家的根本大法，在法律体系中具有最高法律效力，树立宪法至上、尊崇宪法的意识。,能说明宪法是根本大法的三个理由；能说出宪法与普通法律的区别；能表达对宪法的尊崇,让 {{name}} 说说宪法和普通法律有什么不同，为什么宪法具有最高权威。,moe-2022-moral:S4.RL.01,G-JH-MORAL-02,cn_only
mtc_440,道德与法治,Moral & Rule of Law,法治教育,Rule of Law,公民的基本权利与义务,CONCEPTUAL,13,15,第四学段(7~9年级),了解公民享有的基本权利和应履行的基本义务，理解权利与义务是统一的，能依法行使权利履行义务。,能说出公民的基本权利和基本义务；能说明权利与义务的统一关系；能举出享受权利同时履行义务的例子,让 {{name}} 说说作为公民他享有哪些权利、要履行哪些义务，举一个权利义务统一的例子。,moe-2022-moral:S4.RL.01,G-JH-MORAL-02,cn_only
mtc_441,道德与法治,Moral & Rule of Law,法治教育,Rule of Law,一般违法行为及其种类,CONCEPTUAL,13,14,第四学段(7~9年级),了解一般违法行为的含义和种类（行政违法/民事违法），认识违法行为的法律后果。,能说出一般违法的含义和种类；能区分行政违法和民事违法；能说出违法行为要承担的法律后果,给 {{name}} 几个行为案例，请他判断哪些属于一般违法行为及属于什么种类。,moe-2022-moral:S4.RL.02,G-JH-MORAL-02,cn_only
mtc_442,道德与法治,Moral & Rule of Law,法治教育,Rule of Law,犯罪及其法律特征,CONCEPTUAL,13,15,第四学段(7~9年级),理解犯罪是严重危害社会、触犯刑法、应受刑罚处罚的行为，认识犯罪的三个基本特征和严重危害。,能说出犯罪的三个基本特征；能区分一般违法与犯罪；能说出刑罚的主要种类,让 {{name}} 说说一般违法和犯罪有什么区别，犯罪的三个基本特征是什么。,moe-2022-moral:S4.RL.02,G-JH-MORAL-02,cn_only
mtc_443,道德与法治,Moral & Rule of Law,法治教育,Rule of Law,预防违法犯罪与依法自律,PROCEDURAL,13,15,第四学段(7~9年级),认识不良行为可能发展为违法犯罪，学会依法自律，自觉杜绝不良行为，增强防范意识。,能说出不良行为发展为违法犯罪的过程；能自觉远离不良行为和不良场所；能运用法律知识预防犯罪,和 {{name}} 讨论怎样从日常小事做起预防违法犯罪，引导他说出至少三点。,moe-2022-moral:S4.RL.02,G-JH-MORAL-02,cn_only
mtc_444,道德与法治,Moral & Rule of Law,法治教育,Rule of Law,法律对未成年人的特殊保护,CONCEPTUAL,12,14,第四学段(7~9年级),了解家庭、学校、社会、网络、政府、司法六大方面对未成年人的特殊保护，增强未成年人维权意识。,能说出未成年人特殊保护的几个方面；能判断某行为是否落实了未成年人保护；能说出受到侵害时的维权途径,让 {{name}} 说说社会和学校在哪些方面对未成年人提供了特殊保护。,moe-2022-moral:S4.RL.03,G-JH-MORAL-02,cn_only
mtc_445,道德与法治,Moral & Rule of Law,国情教育,National Conditions,基本国情与中国特色社会主义道路,CONCEPTUAL,13,15,第四学段(7~9年级),了解中国处于社会主义初级阶段的基本国情和主要矛盾，认识中国特色社会主义道路、制度和文化，坚定道路自信。,能说出中国的基本国情和主要矛盾；能说明中国特色社会主义道路的内涵；能表达对发展道路的认同和自信,让 {{name}} 说说中国最基本的国情是什么，为什么要坚持中国特色社会主义道路。,moe-2022-moral:S4.NC.01,G-JH-MORAL-03,cn_only
mtc_446,道德与法治,Moral & Rule of Law,国情教育,National Conditions,改革开放与发展成就,CONCEPTUAL,13,15,第四学段(7~9年级),了解改革开放以来中国在经济、社会、民生等方面取得的重大成就，理解改革开放的历史意义。,能说出几个改革开放的重大成就；能说明改革开放的历史意义；能树立民族自豪感和发展信心,让 {{name}} 举几个让他感到自豪的中国发展成就，说说改革开放带来了什么变化。,moe-2022-moral:S4.NC.02,G-JH-MORAL-03,cn_only
mtc_447,道德与法治,Moral & Rule of Law,国情教育,National Conditions,科技创新与强国战略,CONCEPTUAL,13,15,第四学段(7~9年级),认识科技创新对国家发展的战略意义，了解科教兴国、人才强国、创新驱动发展战略，树立创新意识。,能说出科技创新对国家发展的重要性；能说出科教兴国等战略的内容；能树立自己的创新意识和学习动力,让 {{name}} 说说为什么中国要大力推行科技创新，举一个让他印象深刻的科技成就。,moe-2022-moral:S4.NC.02,G-JH-MORAL-03,cn_only
mtc_448,道德与法治,Moral & Rule of Law,国情教育,National Conditions,民族团结与祖国统一,CONCEPTUAL,13,15,第四学段(7~9年级),理解我国是统一的多民族国家，认识民族团结的重要性，了解一国两制和实现祖国完全统一的意义。,能说出我国民族分布的特点和民族政策；能说明民族团结的重要性；能说出对祖国统一的认识,让 {{name}} 说说我国为什么要维护民族团结，对实现祖国完全统一有什么认识。,moe-2022-moral:S4.NC.03,G-JH-MORAL-03,cn_only
mtc_449,道德与法治,Moral & Rule of Law,国情教育,National Conditions,世界认知与全球视野,META,13,15,第四学段(7~9年级),了解当今世界的主题（和平与发展），认识中国在世界中的地位和作用，初步具有全球视野和国际意识。,能说出当今世界的主题；能说明中国在国际事务中的作用；能表达构建人类命运共同体的认识,让 {{name}} 说说当今世界的主题是什么，中国在国际上发挥了什么作用。,moe-2022-moral:S4.NC.04,G-JH-MORAL-03,cross_domain
mtc_450,道德与法治,Moral & Rule of Law,革命传统教育,Revolutionary Tradition,革命历史与重大事件,CONCEPTUAL,12,14,第四学段(7~9年级),了解中国共产党领导中国革命的光辉历程，认识几个重大革命历史事件（建党/长征/抗日战争/解放战争）。,能说出几个重大革命历史事件及其意义；能按时间梳理革命历程；能说明中国共产党领导革命走向胜利的原因,让 {{name}} 说说中国共产党领导革命的几个重要事件，长征有什么意义。,moe-2022-moral:S4.RT.01,G-JH-MORAL-05,cn_only
mtc_451,道德与法治,Moral & Rule of Law,革命传统教育,Revolutionary Tradition,革命精神的内涵与传承,META,13,15,第四学段(7~9年级),认识井冈山精神、长征精神、延安精神等革命传统的内涵（结合英雄人物事迹），理解传承红色基因的时代意义。,能说出至少两种革命精神的内涵并结合英雄人物事迹；能说明革命精神在今天的意义；能表达传承红色基因的意愿,让 {{name}} 说说长征精神的内涵是什么，举一位英雄人物的事迹，在今天应怎样传承。,moe-2022-moral:S4.RT.01,G-JH-MORAL-05,cn_only
mtc_452,道德与法治,Moral & Rule of Law,中华优秀传统文化教育,Traditional Culture,中华传统美德,CONCEPTUAL,12,14,第四学段(7~9年级),了解中华优秀传统文化的精神内涵（仁爱/民本/诚信/正义/和合/大同），认识传统美德的价值。,能说出几种中华传统美德的含义；能举出体现传统美德的人物或故事；能说明传统美德在现代的价值,让 {{name}} 举一个体现中华传统美德的故事，说说感受和启发。,moe-2022-moral:S4.TC.01,G-JH-MORAL-04,cn_only
mtc_453,道德与法治,Moral & Rule of Law,中华优秀传统文化教育,Traditional Culture,文化自信与传承责任,META,13,15,第四学段(7~9年级),增强对中华优秀传统文化的认同和文化自信，树立传承弘扬优秀传统文化的责任感。,能说出文化自信的含义和重要性；能说明为什么要传承优秀传统文化；能提出传承传统文化的具体行动,让 {{name}} 说说为什么我们要有文化自信，他能为传承传统文化做些什么。,moe-2022-moral:S4.TC.01,G-JH-MORAL-04,cn_only
mtc_454,英语,English,语言技能·听力,Listening,英语·听力·关键信息获取,PROCEDURAL,12,13,第四学段(7~9年级),听懂日常话题的简短对话，能获取人物、时间、地点、数字等关键信息，达到三级听力目标。,能听懂对话中的人物时间地点等信息；能记录关键信息回答问题；能完成听力填空和选择任务,放一段简短英语对话给 {{name}} 听，请他回答who/when/where几个关键信息问题。,moe-2022-english:S4.SK.01,G-JH-ENG-02,upstream_adapt
mtc_455,英语,English,语言技能·听力,Listening,英语·听力·主旨与说话者意图推断,PROCEDURAL,13,15,第四学段(7~9年级),听懂较长的对话和语篇，能概括主旨大意，推断说话者的意图、态度和情绪。,能概括听力语篇的主旨大意；能推断说话者的意图和态度；能根据语气判断说话者的情绪,放一段英语短文给 {{name}} 听，请他说说这段话主要讲了什么、说话者是什么态度。,moe-2022-english:S4.SK.01,G-JH-ENG-02,upstream_adapt
mtc_456,英语,English,语言技能·口语,Speaking,英语·口语·日常情境对话,PROCEDURAL,12,13,第四学段(7~9年级),能在购物、问路、就餐等熟悉情境中进行简单的英语对话，做到语音语调基本正确、应答得体。,能在熟悉情境中发起和维持对话；能运用得体的应答语句；能做到语音语调基本正确,和 {{name}} 用英语模拟在商店购物的一段对话，检查他的应答是否得体。,moe-2022-english:S4.SK.02,G-JH-ENG-02,upstream_adapt
mtc_457,英语,English,语言技能·口语,Speaking,英语·口语·简短观点表达,PROCEDURAL,13,15,第四学段(7~9年级),能就日常话题用英语发表简短观点，做到语句通顺、条理基本清楚，能运用连接词使表达连贯。,能用英语就一个话题说出至少五句完整的话；能运用连接词使表达连贯；能表达自己的观点和理由,让 {{name}} 用英语说说怎样保持健康，至少说出五句话。,moe-2022-english:S4.SK.02,G-JH-ENG-02,upstream_adapt
mtc_458,英语,English,语言技能·阅读,Reading,英语·阅读·语篇大意与细节理解,PROCEDURAL,12,14,第四学段(7~9年级),能读懂简单的英语短文和故事，理解语篇大意和具体细节，达到三级阅读目标。,能概括英语短文的大意；能找到文中具体的细节信息；能回答关于内容和细节的理解性问题,给 {{name}} 一篇英语短文，请他读懂后概括大意并回答几个细节问题。,moe-2022-english:S4.SK.03,G-JH-ENG-02,upstream_adapt
mtc_459,英语,English,语言技能·阅读,Reading,英语·阅读·作者意图与推断,META,13,15,第四学段(7~9年级),能在阅读中推断作者的意图和态度，理解语篇的深层含义，做出合理的判断和推理。,能推断作者的写作意图；能理解语篇的言外之意；能根据上下文做出合理推断,给 {{name}} 一篇英语短文，请他推断作者写这篇文章想表达什么。,moe-2022-english:S4.SK.03,G-JH-ENG-02,upstream_adapt
mtc_460,英语,English,语言技能·阅读,Reading,英语·阅读·生词猜测与语境理解,PROCEDURAL,13,15,第四学段(7~9年级),能运用上下文线索（定义/举例/对比/因果）和构词法猜测生词的含义，不依赖字典理解语篇。,能运用上下文线索猜测生词含义；能利用构词法推断词义；能在语境中理解多义词的确切含义,给 {{name}} 一段含生词的英语短文，请他根据上下文猜测生词的大概意思。,moe-2022-english:S4.SK.03,G-JH-ENG-02,upstream_adapt
mtc_461,英语,English,语言技能·写作,Writing,英语·写作·应用文（书信与邮件）,PROCEDURAL,13,14,第四学段(7~9年级),能根据提示写出简单的英语书信和邮件，做到格式正确、要点齐全、语言基本正确。,能写出格式正确的英语书信邮件；能涵盖所有提示要点；能使用恰当的称呼和结束语,请 {{name}} 用英语写一封简短的邮件给笔友介绍自己的学校生活。,moe-2022-english:S4.SK.04,G-JH-ENG-02,upstream_adapt
mtc_462,英语,English,语言技能·写作,Writing,英语·写作·简单记叙与说明语篇,PROCEDURAL,13,15,第四学段(7~9年级),能根据提示写出简单的英语记叙文和说明文，做到结构完整、时态正确、能使用基本连接词。,能写出结构完整的简短记叙文或说明文；能正确运用相应时态；能使用基本连接词使语篇连贯,请 {{name}} 用英语写一段话，记叙他上周末做的一件事，注意时态正确。,moe-2022-english:S4.SK.04,G-JH-ENG-02,upstream_adapt
mtc_463,英语,English,语言知识·语法,Grammar,英语·语法·常用基本时态（一般现在/过去/将来/进行）,LANGUAGE,12,13,第四学段(7~9年级),掌握一般现在时、一般过去时、一般将来时和现在进行时的构成和用法，能在语境中正确选用时态。,能说出四种基本时态的构成和用法；能正确使用动词形式变化；能根据语境选择合适的时态,让 {{name}} 分别用一般现在时描述日常、一般过去时描述昨天的事、现在进行时描述此刻在做的事。,moe-2022-english:S4.KN.01,G-JH-ENG-03,upstream_adapt
mtc_464,英语,English,语言知识·语法,Grammar,英语·语法·现在完成时,LANGUAGE,13,15,第四学段(7~9年级),掌握现在完成时（have/has+过去分词）的构成和用法，能区分现在完成时与一般过去时的不同。,能说出现在完成时的构成和用法；能正确使用过去分词；能区分现在完成时和一般过去时的不同,让 {{name}} 用现在完成时说说他去过哪些地方，再和一般过去时比较用法差别。,moe-2022-english:S4.KN.01,G-JH-ENG-03,upstream_adapt
mtc_465,英语,English,语言知识·语法,Grammar,英语·语法·被动语态,LANGUAGE,13,15,第四学段(7~9年级),掌握被动语态（be+过去分词）的构成，能在一般现在时、一般过去时和一般将来时中正确运用被动语态。,能说出被动语态的构成和用法；能在几种常用时态中正确使用被动语态；能完成主动句和被动句的转换,给 {{name}} 几个主动句，请他把它们改成被动语态。,moe-2022-english:S4.KN.01,G-JH-ENG-03,upstream_adapt
mtc_466,英语,English,语言知识·语法,Grammar,英语·语法·基本句型与句子结构,LANGUAGE,12,14,第四学段(7~9年级),掌握英语五种基本句型（S+V/S+V+O/S+V+P/S+V+IO+DO/S+V+O+C），能正确造句和分析句子结构。,能说出英语五种基本句型；能判断句子的主干结构；能运用基本句型正确造句,给 {{name}} 几个英语句子，请他分析主语谓语宾语等成分。,moe-2022-english:S4.KN.02,G-JH-ENG-03,upstream_adapt
mtc_467,英语,English,语言知识·词汇,Vocabulary,英语·词汇·课标核心词汇掌握,LANGUAGE,12,14,第四学段(7~9年级),掌握课标要求的初中阶段核心词汇（约1500-1600词），能在听、说、读、写中正确运用。,能拼写和说出核心词汇的词义；能在语境中正确使用核心词汇；能区分形近词和近义词的用法,考考 {{name}}：给出一组课标核心词汇，请他造句说明意思。,moe-2022-english:S4.KN.03,G-JH-ENG-03,upstream_adapt
mtc_468,英语,English,语言知识·词汇,Vocabulary,英语·词汇·构词法（派生与合成）,CONCEPTUAL,13,15,第四学段(7~9年级),了解常见的构词法（派生法的前缀后缀、合成法、转化法），能运用构词法扩大词汇量、猜测词义。,能说出常见前缀和后缀的含义；能用构词法派生出新单词；能利用构词法猜测生词的含义,给 {{name}} 几个含un-/dis-/-ness/-tion等词缀的单词，请他分析并说出意思。,moe-2022-english:S4.KN.03,G-JH-ENG-03,upstream_adapt
mtc_469,英语,English,语言知识·语音,Phonetics,英语·语音·拼读规则与语调,LANGUAGE,12,13,第四学段(7~9年级),掌握基本的拼读规则（元音字母和字母组合的发音）和升降调规律，能正确朗读单词和句子。,能运用拼读规则读出新单词；能区分陈述句疑问句的升降调；能朗读短文做到语音语调基本正确,给 {{name}} 几个生词，请他根据拼读规则读出来，再朗读一段短文。,moe-2022-english:S4.KN.04,G-JH-ENG-03,upstream_adapt
mtc_470,英语,English,三大主题·人与自我,Themes: Self,英语·人与自我主题（学习生活与梦想）,LANGUAGE,13,15,第四学段(7~9年级),围绕人与自我主题（学校生活、学习习惯、个人兴趣、梦想与未来），综合运用英语进行听说读写。,能用英语谈论学校生活和学习习惯；能表达个人兴趣梦想和未来计划；能就自我发展话题进行交流,让 {{name}} 用英语说说自己的学校生活和梦想，以及实现梦想的计划。,moe-2022-english:S4.THM.01,G-JH-ENG-04,upstream_adapt
mtc_471,英语,English,三大主题·人与社会,Themes: Society,英语·人与社会主题（规则公益与文化）,LANGUAGE,13,15,第四学段(7~9年级),围绕人与社会主题（社会规则、公益志愿、文化差异、中外节日），综合运用英语交流，培养社会责任和跨文化意识。,能用英语谈论社会规则和公益活动；能比较中外文化和节日差异；能就社会话题发表简短看法,让 {{name}} 用英语说说为什么要做志愿者，再比较一个中外节日的不同。,moe-2022-english:S4.THM.02,G-JH-ENG-04,upstream_adapt
mtc_472,英语,English,三大主题·人与自然,Themes: Nature,英语·人与自然主题（环保与科技）,LANGUAGE,13,15,第四学段(7~9年级),围绕人与自然主题（环境保护、自然灾害、科技发展），综合运用英语交流，培养可持续发展意识。,能用英语谈论环境保护问题和做法；能描述自然灾害及其应对；能就科技发展表达看法,让 {{name}} 用英语说说我们能为保护环境做什么。,moe-2022-english:S4.THM.03,G-JH-ENG-04,upstream_adapt
mtc_473,信息科技,Information Technology,互联网应用与创新,Internet & Innovation,互联网原理与信息检索,CONCEPTUAL,12,14,第四学段(7~9年级),理解互联网的基本原理（TCP/IP、客户端与服务器）和万维网的概念，掌握使用搜索引擎高效检索信息的方法。,能说出互联网的基本工作原理和万维网的概念；能运用关键词和搜索技巧高效检索信息；能辨别网络信息的可靠性,让 {{name}} 说说打开一个网页时数据是怎样传输的，再演示用搜索引擎查找一个主题信息。,moe-2022-it:S4.IN.01,G-JH-IT-01,cn_only
mtc_474,信息科技,Information Technology,互联网应用与创新,Internet & Innovation,互联网安全与个人信息保护,PROCEDURAL,12,14,第四学段(7~9年级),了解互联网安全的基本常识（密码安全/钓鱼网站/个人信息泄露），掌握保护个人隐私的方法。,能说出常见的网络安全威胁；能设置安全的密码并保护个人信息；能识别钓鱼网站和诈骗信息,考考 {{name}}：在网上怎样保护自己的个人信息和密码安全。,moe-2022-it:S4.IN.01,G-JH-IT-01,cn_only
mtc_475,信息科技,Information Technology,互联网应用与创新,Internet & Innovation,HTML与网页制作,PROCEDURAL,12,14,第四学段(7~9年级),学习HTML标记语言的基本结构和常见标签，了解CSS样式的基本用法，能制作并美化简单网页。,能说出HTML文档的基本结构并使用常见标签；能用CSS设置文字颜色和排版；能在浏览器中预览网页效果,让 {{name}} 用HTML和简单CSS做一个包含标题、段落和图片的个人介绍网页。,moe-2022-it:S4.IN.02,G-JH-IT-01,cn_only
mtc_476,信息科技,Information Technology,互联网应用与创新,Internet & Innovation,主题网站规划与开发,PROCEDURAL,13,15,第四学段(7~9年级),能经历规划、设计、开发、测试的完整过程，制作一个包含多个页面和导航链接的主题小网站。,能规划网站的主题和栏目结构；能设计多个页面并建立链接；能测试网站并修改完善,请 {{name}} 规划并制作一个关于自己兴趣爱好的主题小网站，至少包含三个页面。,moe-2022-it:S4.IN.02,G-JH-IT-01,cn_only
mtc_477,信息科技,Information Technology,数据处理与应用,Data Processing,电子表格数据处理与分析,PROCEDURAL,12,14,第四学段(7~9年级),能使用电子表格软件录入、整理和管理数据，运用公式和函数（求和/平均值/计数）进行数据分析。,能在电子表格中正确录入和整理数据；能运用常用函数进行计算；能对数据进行排序和筛选,给 {{name}} 一组班级成绩数据，请他用电子表格算出总分和平均分并排序。,moe-2022-it:S4.DP.01,G-JH-IT-04,cn_only
mtc_478,信息科技,Information Technology,数据处理与应用,Data Processing,数据可视化与图表制作,PROCEDURAL,12,14,第四学段(7~9年级),能根据数据特点选择合适的图表类型（柱状图/折线图/饼图），制作图表直观地呈现数据分析结果。,能根据数据特点选择合适的图表类型；能用软件制作柱状图折线图和饼图；能从图表中读出数据结论,让 {{name}} 把一组气温数据制作成合适的图表，并说说图表说明了什么。,moe-2022-it:S4.DP.01,G-JH-IT-04,cn_only
mtc_479,信息科技,Information Technology,物联网实践与探索,Internet of Things,物联网原理与传感器,CONCEPTUAL,13,14,第四学段(7~9年级),理解物联网的基本概念和感知层、网络层、应用层三层结构，认识温度、湿度、光线等常见传感器的作用。,能说出物联网的基本概念和三层结构；能说出至少三种常见传感器及其用途；能举出物联网在生活中的应用实例,让 {{name}} 说说什么是物联网，它的三层结构是什么，家里有哪些设备用到了传感器。,moe-2022-it:S4.IOT.01,G-JH-IT-02,cn_only
mtc_480,信息科技,Information Technology,物联网实践与探索,Internet of Things,物联网实践·数据采集,PROCEDURAL,13,15,第四学段(7~9年级),能通过实践项目连接简单传感器，采集环境数据（温度/湿度/光照），读取并记录数据。,能正确连接传感器和数据采集设备；能读取传感器采集的数据；能记录和整理采集到的数据,让 {{name}} 用温度传感器采集教室一天的温度变化数据并记录下来。,moe-2022-it:S4.IOT.02,G-JH-IT-02,cn_only
mtc_481,信息科技,Information Technology,物联网实践与探索,Internet of Things,物联网·简单控制系统搭建,PROCEDURAL,13,15,第四学段(7~9年级),通过简单的物联网实践项目（如智能灯光、自动浇水），体验从感知数据到控制执行器动作的全过程。,能设计简单的物联网控制方案；能根据传感器数据控制执行器动作；能搭建一个简单的控制系统,让 {{name}} 设计一个根据光线强弱自动开关灯的简单方案并说明原理。,moe-2022-it:S4.IOT.02,G-JH-IT-02,cn_only
mtc_482,信息科技,Information Technology,人工智能与智慧社会,Artificial Intelligence,人工智能原理（机器学习初步）,CONCEPTUAL,13,15,第四学段(7~9年级),了解人工智能的基本概念，认识机器学习是从数据中学习的核心思路，理解训练数据和算法在AI中的作用。,能说出人工智能的基本概念和机器学习的思路；能说出训练数据对AI的重要性；能区分AI和普通计算机程序,让 {{name}} 说说什么是人工智能，机器是怎样通过数据「学习」变聪明的。,moe-2022-it:S4.AI.01,G-JH-IT-03,upstream_adapt
mtc_483,信息科技,Information Technology,人工智能与智慧社会,Artificial Intelligence,人工智能的主要应用领域,CONCEPTUAL,13,15,第四学段(7~9年级),了解人工智能在图像识别、语音识别、自然语言处理、自动驾驶等领域的主要应用及其对生活的影响。,能说出至少三个人工智能的应用领域；能举出身边的AI应用实例；能说明AI如何改变了生活,让 {{name}} 举几个他身边用到人工智能的例子，说说AI给他生活带来了什么变化。,moe-2022-it:S4.AI.01,G-JH-IT-03,upstream_adapt
mtc_484,信息科技,Information Technology,人工智能与智慧社会,Artificial Intelligence,人工智能伦理与智慧社会,META,13,15,第四学段(7~9年级),思考人工智能发展中的伦理问题（隐私/偏见/安全），结合物联网和AI展望智慧社会的未来，树立负责任使用AI的态度。,能说出AI发展中面临的主要伦理问题；能分析AI对社会的正负面影响；能提出负责任使用AI的建议并展望智慧社会,让 {{name}} 说说AI可能带来哪些问题和风险，我们应怎样负责任地使用，再想象一下未来的智慧城市。,moe-2022-it:S4.AI.02,G-JH-IT-03,upstream_adapt
mtc_485,信息科技,Information Technology,物联网实践与探索,Internet of Things,编程基础·算法与流程图,CONCEPTUAL,12,13,第四学段(7~9年级),理解算法是解决问题的步骤和方法，能用自然语言和流程图描述简单算法，认识顺序、分支、循环三种基本结构。,能用自然语言描述解决问题的步骤；能画出简单算法的流程图；能区分顺序分支循环三种结构,让 {{name}} 用流程图画出「判断一个数是奇数还是偶数」的算法。,moe-2022-it:S4.IOT.03,G-JH-IT-05,cross_domain
mtc_486,信息科技,Information Technology,物联网实践与探索,Internet of Things,编程实践·三种基本控制结构,PROCEDURAL,13,15,第四学段(7~9年级),能使用图形化编程（如Scratch）或Python编写包含顺序、分支（if-else）和循环（for/while）结构的程序解决简单问题。,能编写包含顺序和分支结构的程序；能运用循环结构编写程序；能综合运用三种结构解决简单问题,让 {{name}} 用Python或图形化编程写一个计算1到100所有偶数和的小程序。,moe-2022-it:S4.IOT.03,G-JH-IT-05,cross_domain
